,NatID,Name,Type1,Type2,Total,HP,Attack,Defense,SpAtk,SpDef,Speed,Generation,Height (m),Weight (kg),Catch Rate,Male (%),Female (%),Egg Group 1,Egg Group 2
0,1,Bulbasaur,Grass,Poison,318,45,49,49,65,65,45,1,0.71,6.9,45,87.5,12.5,Grass  ,  Monster
1,2,Ivysaur,Grass,Poison,405,60,62,63,80,80,60,1,0.99,13.0,45,87.5,12.5,Grass  ,  Monster
2,3,Venusaur,Grass,Poison,525,80,82,83,100,100,80,1,2.01,100.0,45,87.5,12.5,Grass  ,  Monster
3,4,Charmander,Fire,None,309,39,52,43,60,50,65,1,0.61,8.5,45,87.5,12.5,Dragon  ,  Monster
4,5,Charmeleon,Fire,None,405,58,64,58,80,65,80,1,1.09,19.0,45,87.5,12.5,Dragon  ,  Monster
5,6,Charizard,Fire,Flying,534,78,84,78,109,85,100,1,1.7,90.5,45,87.5,12.5,Dragon  ,  Monster
6,7,Squirtle,Water,None,314,44,48,65,50,64,43,1,0.51,9.0,45,87.5,12.5,Monster  ,  Water 1
7,8,Wartortle,Water,None,405,59,63,80,65,80,58,1,0.99,22.5,45,87.5,12.5,Monster  ,  Water 1
8,9,Blastoise,Water,None,530,79,83,100,85,105,78,1,1.6,85.5,45,87.5,12.5,Monster  ,  Water 1
9,10,Caterpie,Bug,None,195,45,30,35,20,20,45,1,0.3,2.9,255,50.0,50.0,Bug, N/A
10,11,Metapod,Bug,None,205,50,20,55,25,25,30,1,0.71,9.9,120,50.0,50.0,Bug, N/A
11,12,Butterfree,Bug,Flying,395,60,45,50,90,80,70,1,1.09,32.0,45,50.0,50.0,Bug, N/A
12,13,Weedle,Bug,Poison,195,40,35,30,20,20,50,1,0.3,3.2,255,50.0,50.0,Bug, N/A
13,14,Kakuna,Bug,Poison,205,45,25,50,25,25,35,1,0.61,10.0,120,50.0,50.0,Bug, N/A
14,15,Beedrill,Bug,Poison,395,65,90,40,45,80,75,1,0.99,29.5,45,50.0,50.0,Bug, N/A
15,16,Pidgey,Normal,Flying,251,40,45,40,35,35,56,1,0.3,1.8,255,50.0,50.0,Flying, N/A
16,17,Pidgeotto,Normal,Flying,349,63,60,55,50,50,71,1,1.09,30.0,120,50.0,50.0,Flying, N/A
17,18,Pidgeot,Normal,Flying,479,83,80,75,70,70,101,1,1.5,39.5,45,50.0,50.0,Flying, N/A
18,19,Rattata,Normal,None,253,30,56,35,25,35,72,1,0.3,3.5,255,50.0,50.0,Field, N/A
19,20,Raticate,Normal,None,413,55,81,60,50,70,97,1,0.71,18.5,127,50.0,50.0,Field, N/A
20,21,Spearow,Normal,Flying,262,40,60,30,31,31,70,1,0.3,2.0,255,50.0,50.0,Flying, N/A
21,22,Fearow,Normal,Flying,442,65,90,65,61,61,100,1,1.19,38.0,90,50.0,50.0,Flying, N/A
22,23,Ekans,Poison,None,288,35,60,44,40,54,55,1,2.01,6.9,255,50.0,50.0,Dragon  ,  Field
23,24,Arbok,Poison,None,448,60,95,69,65,79,80,1,3.51,65.0,90,50.0,50.0,Dragon  ,  Field
24,25,Pikachu,Electric,None,320,35,55,40,50,50,90,1,0.41,6.0,190,50.0,50.0,Fairy  ,  Field
25,26,Raichu,Electric,None,485,60,90,55,90,80,110,1,0.79,30.0,75,50.0,50.0,Fairy  ,  Field
26,27,Sandshrew,Ground,None,300,50,75,85,20,30,40,1,0.61,12.0,255,50.0,50.0,Field, N/A
27,28,Sandslash,Ground,None,450,75,100,110,45,55,65,1,0.99,29.5,90,50.0,50.0,Field, N/A
28,29,Nidoran?,Poison,None,275,55,47,52,40,40,41,1,0.41,7.0,235,0.0,100.0,Field  ,  Monster
29,30,Nidorina,Poison,None,365,70,62,67,55,55,56,1,0.79,20.0,120,0.0,100.0,Undiscovered, N/A
30,31,Nidoqueen,Poison,Ground,505,90,92,87,75,85,76,1,1.3,60.0,45,0.0,100.0,Undiscovered, N/A
31,32,Nidoran?,Poison,None,273,46,57,40,40,40,50,1,0.51,9.0,235,100.0,0.0,Field  ,  Monster
32,33,Nidorino,Poison,None,365,61,72,57,55,55,65,1,0.89,19.5,120,100.0,0.0,Field  ,  Monster
33,34,Nidoking,Poison,Ground,505,81,102,77,85,75,85,1,1.4,62.0,45,100.0,0.0,Field  ,  Monster
34,35,Clefairy,Fairy,None,323,70,45,48,60,65,35,1,0.61,7.5,150,25.0,75.0,Fairy, N/A
35,36,Clefable,Fairy,None,483,95,70,73,95,90,60,1,1.3,40.0,25,25.0,75.0,Fairy, N/A
36,37,Vulpix,Fire,None,299,38,41,40,50,65,65,1,0.61,9.9,190,25.0,75.0,Field, N/A
37,38,Ninetales,Fire,None,505,73,76,75,81,100,100,1,1.09,19.9,75,25.0,75.0,Field, N/A
38,39,Jigglypuff,Normal,Fairy,270,115,45,20,45,25,20,1,0.51,5.5,170,25.0,75.0,Fairy, N/A
39,40,Wigglytuff,Normal,Fairy,435,140,70,45,85,50,45,1,0.99,12.0,50,25.0,75.0,Fairy, N/A
40,41,Zubat,Poison,Flying,245,40,45,35,30,40,55,1,0.79,7.5,255,50.0,50.0,Flying, N/A
41,42,Golbat,Poison,Flying,455,75,80,70,65,75,90,1,1.6,55.0,90,50.0,50.0,Flying, N/A
42,43,Oddish,Grass,Poison,320,45,50,55,75,65,30,1,0.51,5.4,255,50.0,50.0,Grass, N/A
43,44,Gloom,Grass,Poison,395,60,65,70,85,75,40,1,0.79,8.6,120,50.0,50.0,Grass, N/A
44,45,Vileplume,Grass,Poison,490,75,80,85,110,90,50,1,1.19,18.6,45,50.0,50.0,Grass, N/A
45,46,Paras,Bug,Grass,285,35,70,55,45,55,25,1,0.3,5.4,190,50.0,50.0,Bug  ,  Grass
46,47,Parasect,Bug,Grass,405,60,95,80,60,80,30,1,0.99,29.5,75,50.0,50.0,Bug  ,  Grass
47,48,Venonat,Bug,Poison,305,60,55,50,40,55,45,1,0.99,30.0,190,50.0,50.0,Bug, N/A
48,49,Venomoth,Bug,Poison,450,70,65,60,90,75,90,1,1.5,12.5,75,50.0,50.0,Bug, N/A
49,50,Diglett,Ground,None,265,10,55,25,35,45,95,1,0.2,0.8,255,50.0,50.0,Field, N/A
50,51,Dugtrio,Ground,None,425,35,100,50,50,70,120,1,0.71,33.3,50,50.0,50.0,Field, N/A
51,52,Meowth,Normal,None,290,40,45,35,40,40,90,1,0.41,4.2,255,50.0,50.0,Field, N/A
52,53,Persian,Normal,None,440,65,70,60,65,65,115,1,0.99,32.0,90,50.0,50.0,Field, N/A
53,54,Psyduck,Water,None,320,50,52,48,65,50,55,1,0.79,19.6,190,50.0,50.0,Field  ,  Water 1
54,55,Golduck,Water,None,500,80,82,78,95,80,85,1,1.7,76.6,75,50.0,50.0,Field  ,  Water 1
55,56,Mankey,Fighting,None,305,40,80,35,35,45,70,1,0.51,28.0,190,50.0,50.0,Field, N/A
56,57,Primeape,Fighting,None,455,65,105,60,60,70,95,1,0.99,32.0,75,50.0,50.0,Field, N/A
57,58,Growlithe,Fire,None,350,55,70,45,70,50,60,1,0.71,19.0,190,75.0,25.0,Field, N/A
58,59,Arcanine,Fire,None,555,90,110,80,100,80,95,1,1.91,155.0,75,75.0,25.0,Field, N/A
59,60,Poliwag,Water,None,300,40,50,40,40,40,90,1,0.61,12.4,255,50.0,50.0,Water 1, N/A
60,61,Poliwhirl,Water,None,385,65,65,65,50,50,90,1,0.99,20.0,120,50.0,50.0,Water 1, N/A
61,62,Poliwrath,Water,Fighting,510,90,95,95,70,90,70,1,1.3,54.0,45,50.0,50.0,Water 1, N/A
62,63,Abra,Psychic,None,310,25,20,15,105,55,90,1,0.89,19.5,200,75.0,25.0,Human-Like, N/A
63,64,Kadabra,Psychic,None,400,40,35,30,120,70,105,1,1.3,56.5,100,75.0,25.0,Human-Like, N/A
64,65,Alakazam,Psychic,None,500,55,50,45,135,95,120,1,1.5,48.0,50,75.0,25.0,Human-Like, N/A
65,66,Machop,Fighting,None,305,70,80,50,35,35,35,1,0.79,19.5,180,75.0,25.0,Human-Like, N/A
66,67,Machoke,Fighting,None,405,80,100,70,50,60,45,1,1.5,70.5,90,75.0,25.0,Human-Like, N/A
67,68,Machamp,Fighting,None,505,90,130,80,65,85,55,1,1.6,130.0,45,75.0,25.0,Human-Like, N/A
68,69,Bellsprout,Grass,Poison,300,50,75,35,70,30,40,1,0.71,4.0,255,50.0,50.0,Grass, N/A
69,70,Weepinbell,Grass,Poison,390,65,90,50,85,45,55,1,0.99,6.4,120,50.0,50.0,Grass, N/A
70,71,Victreebel,Grass,Poison,490,80,105,65,100,70,70,1,1.7,15.5,45,50.0,50.0,Grass, N/A
71,72,Tentacool,Water,Poison,335,40,40,35,50,100,70,1,0.89,45.5,190,50.0,50.0,Water 3, N/A
72,73,Tentacruel,Water,Poison,515,80,70,65,80,120,100,1,1.6,55.0,60,50.0,50.0,Water 3, N/A
73,74,Geodude,Rock,Ground,300,40,80,100,30,30,20,1,0.41,20.0,255,50.0,50.0,Mineral, N/A
74,75,Graveler,Rock,Ground,390,55,95,115,45,45,35,1,0.99,105.0,120,50.0,50.0,Mineral, N/A
75,76,Golem,Rock,Ground,495,80,120,130,55,65,45,1,1.4,300.0,45,50.0,50.0,Mineral, N/A
76,77,Ponyta,Fire,None,410,50,85,55,65,65,90,1,0.99,30.0,190,50.0,50.0,Field, N/A
77,78,Rapidash,Fire,None,500,65,100,70,80,80,105,1,1.7,95.0,60,50.0,50.0,Field, N/A
78,79,Slowpoke,Water,Psychic,315,90,65,65,40,40,15,1,1.19,36.0,190,50.0,50.0,Monster  ,  Water 1
79,80,Slowbro,Water,Psychic,490,95,75,110,100,80,30,1,1.6,78.5,75,50.0,50.0,Monster  ,  Water 1
80,81,Magnemite,Electric,Steel,325,25,35,70,95,55,45,1,0.3,6.0,190,0.0,0.0,Mineral, N/A
81,82,Magneton,Electric,Steel,465,50,60,95,120,70,70,1,0.99,60.0,60,0.0,0.0,Mineral, N/A
82,83,Farfetch'd,Normal,Flying,377,52,90,55,58,62,60,1,0.79,15.0,45,50.0,50.0,Field  ,  Flying
83,84,Doduo,Normal,Flying,310,35,85,45,35,35,75,1,1.4,39.2,190,50.0,50.0,Flying, N/A
84,85,Dodrio,Normal,Flying,470,60,110,70,60,60,110,1,1.8,85.2,45,50.0,50.0,Flying, N/A
85,86,Seel,Water,None,325,65,45,55,45,70,45,1,1.09,90.0,190,50.0,50.0,Field  ,  Water 1
86,87,Dewgong,Water,Ice,475,90,70,80,70,95,70,1,1.7,120.0,75,50.0,50.0,Field  ,  Water 1
87,88,Grimer,Poison,None,325,80,80,50,40,50,25,1,0.89,30.0,190,50.0,50.0,Amorphous, N/A
88,89,Muk,Poison,None,500,105,105,75,65,100,50,1,1.19,30.0,75,50.0,50.0,Amorphous, N/A
89,90,Shellder,Water,None,305,30,65,100,45,25,40,1,0.3,4.0,190,50.0,50.0,Water 3, N/A
90,91,Cloyster,Water,Ice,525,50,95,180,85,45,70,1,1.5,132.5,60,50.0,50.0,Water 3, N/A
91,92,Gastly,Ghost,Poison,310,30,35,30,100,35,80,1,1.3,0.1,190,50.0,50.0,Amorphous, N/A
92,93,Haunter,Ghost,Poison,405,45,50,45,115,55,95,1,1.6,0.1,90,50.0,50.0,Amorphous, N/A
93,94,Gengar,Ghost,Poison,500,60,65,60,130,75,110,1,1.5,40.5,45,50.0,50.0,Amorphous, N/A
94,95,Onix,Rock,Ground,385,35,45,160,30,45,70,1,8.79,210.0,45,50.0,50.0,Mineral, N/A
95,96,Drowzee,Psychic,None,328,60,48,45,43,90,42,1,0.99,32.4,190,50.0,50.0,Human-Like, N/A
96,97,Hypno,Psychic,None,483,85,73,70,73,115,67,1,1.6,75.6,75,50.0,50.0,Human-Like, N/A
97,98,Krabby,Water,None,325,30,105,90,25,25,50,1,0.41,6.5,225,50.0,50.0,Water 3, N/A
98,99,Kingler,Water,None,475,55,130,115,50,50,75,1,1.3,60.0,60,50.0,50.0,Water 3, N/A
99,100,Voltorb,Electric,None,330,40,30,50,55,55,100,1,0.51,10.4,190,0.0,0.0,Mineral, N/A
100,101,Electrode,Electric,None,490,60,50,70,80,80,150,1,1.19,66.6,60,0.0,0.0,Mineral, N/A
101,102,Exeggcute,Grass,Psychic,325,60,40,80,60,45,40,1,0.41,2.5,90,50.0,50.0,Grass, N/A
102,103,Exeggutor,Grass,Psychic,530,95,95,85,125,75,55,1,2.01,120.0,45,50.0,50.0,Grass, N/A
103,104,Cubone,Ground,None,320,50,50,95,40,50,35,1,0.41,6.5,190,50.0,50.0,Monster, N/A
104,105,Marowak,Ground,None,425,60,80,110,50,80,45,1,0.99,45.0,75,50.0,50.0,Monster, N/A
105,106,Hitmonlee,Fighting,None,455,50,120,53,35,110,87,1,1.5,49.8,45,100.0,0.0,Human-Like, N/A
106,107,Hitmonchan,Fighting,None,455,50,105,79,35,110,76,1,1.4,50.2,45,100.0,0.0,Human-Like, N/A
107,108,Lickitung,Normal,None,385,90,55,75,60,75,30,1,1.19,65.5,45,50.0,50.0,Monster, N/A
108,109,Koffing,Poison,None,340,40,65,95,60,45,35,1,0.61,1.0,190,50.0,50.0,Amorphous, N/A
109,110,Weezing,Poison,None,490,65,90,120,85,70,60,1,1.19,9.5,60,50.0,50.0,Amorphous, N/A
110,111,Rhyhorn,Ground,Rock,345,80,85,95,30,30,25,1,0.99,115.0,120,50.0,50.0,Field  ,  Monster
111,112,Rhydon,Ground,Rock,485,105,130,120,45,45,40,1,1.91,120.0,60,50.0,50.0,Field  ,  Monster
112,113,Chansey,Normal,None,450,250,5,5,35,105,50,1,1.09,34.6,30,0.0,100.0,Fairy, N/A
113,114,Tangela,Grass,None,435,65,55,115,100,40,60,1,0.99,35.0,45,50.0,50.0,Grass, N/A
114,115,Kangaskhan,Normal,None,490,105,95,80,40,80,90,1,2.21,80.0,45,0.0,100.0,Monster, N/A
115,116,Horsea,Water,None,295,30,40,70,70,25,60,1,0.41,8.0,225,50.0,50.0,Dragon  ,  Water 1
116,117,Seadra,Water,None,440,55,65,95,95,45,85,1,1.19,25.0,75,50.0,50.0,Dragon  ,  Water 1
117,118,Goldeen,Water,None,320,45,67,60,35,50,63,1,0.61,15.0,225,50.0,50.0,Water 2, N/A
118,119,Seaking,Water,None,450,80,92,65,65,80,68,1,1.3,39.0,60,50.0,50.0,Water 2, N/A
119,120,Staryu,Water,None,340,30,45,55,70,55,85,1,0.79,34.5,225,0.0,0.0,Water 3, N/A
120,121,Starmie,Water,Psychic,520,60,75,85,100,85,115,1,1.09,80.0,60,0.0,0.0,Water 3, N/A
121,122,Mr. Mime,Psychic,Fairy,460,40,45,65,100,120,90,1,1.3,54.5,45,50.0,50.0,Human-Like, N/A
122,123,Scyther,Bug,Flying,500,70,110,80,55,80,105,1,1.5,56.0,45,50.0,50.0,Bug, N/A
123,124,Jynx,Ice,Psychic,455,65,50,35,115,95,95,1,1.4,40.6,45,0.0,100.0,Human-Like, N/A
124,125,Electabuzz,Electric,None,490,65,83,57,95,85,105,1,1.09,30.0,45,75.0,25.0,Human-Like, N/A
125,126,Magmar,Fire,None,495,65,95,57,100,85,93,1,1.3,44.5,45,75.0,25.0,Human-Like, N/A
126,127,Pinsir,Bug,None,500,65,125,100,55,70,85,1,1.5,55.0,45,50.0,50.0,Bug, N/A
127,128,Tauros,Normal,None,490,75,100,95,40,70,110,1,1.4,88.4,45,100.0,0.0,Field, N/A
128,129,Magikarp,Water,None,200,20,10,55,15,20,80,1,0.89,10.0,255,50.0,50.0,Dragon  ,  Water 2
129,130,Gyarados,Water,Flying,540,95,125,79,60,100,81,1,6.5,235.0,45,50.0,50.0,Dragon  ,  Water 2
130,131,Lapras,Water,Ice,535,130,85,80,85,95,60,1,2.49,220.0,45,50.0,50.0,Monster  ,  Water 1
131,132,Ditto,Normal,None,288,48,48,48,48,48,48,1,0.3,4.0,35,0.0,0.0,Ditto, N/A
132,133,Eevee,Normal,None,325,55,55,50,45,65,55,1,0.3,6.5,45,87.5,12.5,Field, N/A
133,134,Vaporeon,Water,None,525,130,65,60,110,95,65,1,0.99,29.0,45,87.5,12.5,Field, N/A
134,135,Jolteon,Electric,None,525,65,65,60,110,95,130,1,0.79,24.5,45,87.5,12.5,Field, N/A
135,136,Flareon,Fire,None,525,65,130,60,95,110,65,1,0.89,25.0,45,87.5,12.5,Field, N/A
136,137,Porygon,Normal,None,395,65,60,70,85,75,40,1,0.79,36.5,45,0.0,0.0,Mineral, N/A
137,138,Omanyte,Rock,Water,355,35,40,100,90,55,35,1,0.41,7.5,45,87.5,12.5,Water 1  ,  Water 3
138,139,Omastar,Rock,Water,495,70,60,125,115,70,55,1,0.99,35.0,45,87.5,12.5,Water 1  ,  Water 3
139,140,Kabuto,Rock,Water,355,30,80,90,55,45,55,1,0.51,11.5,45,87.5,12.5,Water 1  ,  Water 3
140,141,Kabutops,Rock,Water,495,60,115,105,65,70,80,1,1.3,40.5,45,87.5,12.5,Water 1  ,  Water 3
141,142,Aerodactyl,Rock,Flying,515,80,105,65,60,75,130,1,1.8,59.0,45,87.5,12.5,Flying, N/A
142,143,Snorlax,Normal,None,540,160,110,65,65,110,30,1,2.11,460.0,25,87.5,12.5,Monster, N/A
143,144,Articuno,Ice,Flying,580,90,85,100,95,125,85,1,1.7,55.4,3,0.0,0.0,Undiscovered, N/A
144,145,Zapdos,Electric,Flying,580,90,90,85,125,90,100,1,1.6,52.6,3,0.0,0.0,Undiscovered, N/A
145,146,Moltres,Fire,Flying,580,90,100,90,125,85,90,1,2.01,60.0,3,0.0,0.0,Undiscovered, N/A
146,147,Dratini,Dragon,None,300,41,64,45,50,50,50,1,1.8,3.3,45,50.0,50.0,Dragon  ,  Water 1
147,148,Dragonair,Dragon,None,420,61,84,65,70,70,70,1,3.99,16.5,45,50.0,50.0,Dragon  ,  Water 1
148,149,Dragonite,Dragon,Flying,600,91,134,95,100,100,80,1,2.21,210.0,45,50.0,50.0,Dragon  ,  Water 1
149,150,Mewtwo,Psychic,None,680,106,110,90,154,90,130,1,2.01,122.0,3,0.0,0.0,Undiscovered, N/A
150,151,Mew,Psychic,None,600,100,100,100,100,100,100,1,0.41,4.0,45,0.0,0.0,Undiscovered, N/A
151,152,Chikorita,Grass,None,318,45,49,65,49,65,45,2,0.89,6.4,45,87.5,12.5,Grass  ,  Monster
152,153,Bayleef,Grass,None,405,60,62,80,63,80,60,2,1.19,15.8,45,87.5,12.5,Grass  ,  Monster
153,154,Meganium,Grass,None,525,80,82,100,83,100,80,2,1.8,100.5,45,87.5,12.5,Grass  ,  Monster
154,155,Cyndaquil,Fire,None,309,39,52,43,60,50,65,2,0.51,7.9,45,87.5,12.5,Field, N/A
155,156,Quilava,Fire,None,405,58,64,58,80,65,80,2,0.89,19.0,45,87.5,12.5,Field, N/A
156,157,Typhlosion,Fire,None,534,78,84,78,109,85,100,2,1.7,79.5,45,87.5,12.5,Field, N/A
157,158,Totodile,Water,None,314,50,65,64,44,48,43,2,0.61,9.5,45,87.5,12.5,Monster  ,  Water 1
158,159,Croconaw,Water,None,405,65,80,80,59,63,58,2,1.09,25.0,45,87.5,12.5,Monster  ,  Water 1
159,160,Feraligatr,Water,None,530,85,105,100,79,83,78,2,2.31,88.8,45,87.5,12.5,Monster  ,  Water 1
160,161,Sentret,Normal,None,215,35,46,34,35,45,20,2,0.79,6.0,255,50.0,50.0,Field, N/A
161,162,Furret,Normal,None,415,85,76,64,45,55,90,2,1.8,32.5,90,50.0,50.0,Field, N/A
162,163,Hoothoot,Normal,Flying,262,60,30,30,36,56,50,2,0.71,21.2,255,50.0,50.0,Flying, N/A
163,164,Noctowl,Normal,Flying,452,100,50,50,86,96,70,2,1.6,40.8,90,50.0,50.0,Flying, N/A
164,165,Ledyba,Bug,Flying,265,40,20,30,40,80,55,2,0.99,10.8,255,50.0,50.0,Bug, N/A
165,166,Ledian,Bug,Flying,390,55,35,50,55,110,85,2,1.4,35.6,90,50.0,50.0,Bug, N/A
166,167,Spinarak,Bug,Poison,250,40,60,40,40,40,30,2,0.51,8.5,255,50.0,50.0,Bug, N/A
167,168,Ariados,Bug,Poison,400,70,90,70,60,70,40,2,1.09,33.5,90,50.0,50.0,Bug, N/A
168,169,Crobat,Poison,Flying,535,85,90,80,70,80,130,2,1.8,75.0,90,50.0,50.0,Flying, N/A
169,170,Chinchou,Water,Electric,330,75,38,38,56,56,67,2,0.51,12.0,190,50.0,50.0,Water 2, N/A
170,171,Lanturn,Water,Electric,460,125,58,58,76,76,67,2,1.19,22.5,75,50.0,50.0,Water 2, N/A
171,172,Pichu,Electric,None,205,20,40,15,35,35,60,2,0.3,2.0,190,50.0,50.0,Undiscovered, N/A
172,173,Cleffa,Fairy,None,218,50,25,28,45,55,15,2,0.3,3.0,150,25.0,75.0,Undiscovered, N/A
173,174,Igglybuff,Normal,Fairy,210,90,30,15,40,20,15,2,0.3,1.0,170,25.0,75.0,Undiscovered, N/A
174,175,Togepi,Fairy,None,245,35,20,65,40,65,20,2,0.3,1.5,190,87.5,12.5,Undiscovered, N/A
175,176,Togetic,Fairy,Flying,405,55,40,85,80,105,40,2,0.61,3.2,75,87.5,12.5,Fairy  ,  Flying
176,177,Natu,Psychic,Flying,320,40,50,45,70,45,70,2,0.2,2.0,190,50.0,50.0,Flying, N/A
177,178,Xatu,Psychic,Flying,470,65,75,70,95,70,95,2,1.5,15.0,75,50.0,50.0,Flying, N/A
178,179,Mareep,Electric,None,280,55,40,40,65,45,35,2,0.61,7.8,235,50.0,50.0,Field  ,  Monster
179,180,Flaaffy,Electric,None,365,70,55,55,80,60,45,2,0.79,13.3,120,50.0,50.0,Field  ,  Monster
180,181,Ampharos,Electric,None,510,90,75,85,115,90,55,2,1.4,61.5,45,50.0,50.0,Field  ,  Monster
181,182,Bellossom,Grass,None,490,75,80,95,90,100,50,2,0.41,5.8,45,50.0,50.0,Grass, N/A
182,183,Marill,Water,Fairy,250,70,20,50,20,50,40,2,0.41,8.5,190,50.0,50.0,Fairy  ,  Water 1
183,184,Azumarill,Water,Fairy,420,100,50,80,60,80,50,2,0.79,28.5,75,50.0,50.0,Fairy  ,  Water 1
184,185,Sudowoodo,Rock,None,410,70,100,115,30,65,30,2,1.19,38.0,65,50.0,50.0,Mineral, N/A
185,186,Politoed,Water,None,500,90,75,75,90,100,70,2,1.09,33.9,45,50.0,50.0,Water 1, N/A
186,187,Hoppip,Grass,Flying,250,35,35,40,35,55,50,2,0.41,0.5,255,50.0,50.0,Fairy  ,  Grass
187,188,Skiploom,Grass,Flying,340,55,45,50,45,65,80,2,0.61,1.0,120,50.0,50.0,Fairy  ,  Grass
188,189,Jumpluff,Grass,Flying,460,75,55,70,55,95,110,2,0.79,3.0,45,50.0,50.0,Fairy  ,  Grass
189,190,Aipom,Normal,None,360,55,70,55,40,55,85,2,0.79,11.5,45,50.0,50.0,Field, N/A
190,191,Sunkern,Grass,None,180,30,30,30,30,30,30,2,0.3,1.8,235,50.0,50.0,Grass, N/A
191,192,Sunflora,Grass,None,425,75,75,55,105,85,30,2,0.79,8.5,120,50.0,50.0,Grass, N/A
192,193,Yanma,Bug,Flying,390,65,65,45,75,45,95,2,1.19,38.0,75,50.0,50.0,Bug, N/A
193,194,Wooper,Water,Ground,210,55,45,45,25,25,15,2,0.41,8.5,255,50.0,50.0,Field  ,  Water 1
194,195,Quagsire,Water,Ground,430,95,85,85,65,65,35,2,1.4,75.0,90,50.0,50.0,Field  ,  Water 1
195,196,Espeon,Psychic,None,525,65,65,60,130,95,110,2,0.89,26.5,45,87.5,12.5,Field, N/A
196,197,Umbreon,Dark,None,525,95,65,110,60,130,65,2,0.99,27.0,45,87.5,12.5,Field, N/A
197,198,Murkrow,Dark,Flying,405,60,85,42,85,42,91,2,0.51,2.1,30,50.0,50.0,Flying, N/A
198,199,Slowking,Water,Psychic,490,95,75,80,100,110,30,2,2.01,79.5,70,50.0,50.0,Monster  ,  Water 1
199,200,Misdreavus,Ghost,None,435,60,60,60,85,85,85,2,0.71,1.0,45,50.0,50.0,Amorphous, N/A
200,201,Unown,Psychic,None,336,48,72,48,72,48,48,2,0.51,5.0,225,0.0,0.0,Undiscovered, N/A
201,202,Wobbuffet,Psychic,None,405,190,33,58,33,58,33,2,1.3,28.5,45,50.0,50.0,Amorphous, N/A
202,203,Girafarig,Normal,Psychic,455,70,80,65,90,65,85,2,1.5,41.5,60,50.0,50.0,Field, N/A
203,204,Pineco,Bug,None,290,50,65,90,35,35,15,2,0.61,7.2,190,50.0,50.0,Bug, N/A
204,205,Forretress,Bug,Steel,465,75,90,140,60,60,40,2,1.19,125.8,75,50.0,50.0,Bug, N/A
205,206,Dunsparce,Normal,None,415,100,70,70,65,65,45,2,1.5,14.0,190,50.0,50.0,Field, N/A
206,207,Gligar,Ground,Flying,430,65,75,105,35,65,85,2,1.09,64.8,60,50.0,50.0,Bug, N/A
207,208,Steelix,Steel,Ground,510,75,85,200,55,65,30,2,9.19,400.0,25,50.0,50.0,Mineral, N/A
208,209,Snubbull,Fairy,None,300,60,80,50,40,40,30,2,0.61,7.8,190,25.0,75.0,Fairy  ,  Field
209,210,Granbull,Fairy,None,450,90,120,75,60,60,45,2,1.4,48.7,75,25.0,75.0,Fairy  ,  Field
210,211,Qwilfish,Water,Poison,440,65,95,85,55,55,85,2,0.51,3.9,45,50.0,50.0,Water 2, N/A
211,212,Scizor,Bug,Steel,500,70,130,100,55,80,65,2,1.8,118.0,25,50.0,50.0,Bug, N/A
212,213,Shuckle,Bug,Rock,505,20,10,230,10,230,5,2,0.61,20.5,190,50.0,50.0,Bug, N/A
213,214,Heracross,Bug,Fighting,500,80,125,75,40,95,85,2,1.5,54.0,45,50.0,50.0,Bug, N/A
214,215,Sneasel,Dark,Ice,430,55,95,55,35,75,115,2,0.89,28.0,60,50.0,50.0,Field, N/A
215,216,Teddiursa,Normal,None,330,60,80,50,50,50,40,2,0.61,8.8,120,50.0,50.0,Field, N/A
216,217,Ursaring,Normal,None,500,90,130,75,75,75,55,2,1.8,125.8,60,50.0,50.0,Field, N/A
217,218,Slugma,Fire,None,250,40,40,40,70,40,20,2,0.71,35.0,190,50.0,50.0,Amorphous, N/A
218,219,Magcargo,Fire,Rock,430,60,50,120,90,80,30,2,0.79,55.0,75,50.0,50.0,Amorphous, N/A
219,220,Swinub,Ice,Ground,250,50,50,40,30,30,50,2,0.41,6.5,225,50.0,50.0,Field, N/A
220,221,Piloswine,Ice,Ground,450,100,100,80,60,60,50,2,1.09,55.8,75,50.0,50.0,Field, N/A
221,222,Corsola,Water,Rock,410,65,55,95,65,95,35,2,0.61,5.0,60,25.0,75.0,Water 1  ,  Water 3
222,223,Remoraid,Water,None,300,35,65,35,65,35,65,2,0.61,12.0,190,50.0,50.0,Water 1  ,  Water 2
223,224,Octillery,Water,None,480,75,105,75,105,75,45,2,0.89,28.5,75,50.0,50.0,Water 1  ,  Water 2
224,225,Delibird,Ice,Flying,330,45,55,45,65,45,75,2,0.89,16.0,45,50.0,50.0,Field  ,  Water 1
225,226,Mantine,Water,Flying,485,85,40,70,80,140,70,2,2.11,220.0,25,50.0,50.0,Water 1, N/A
226,227,Skarmory,Steel,Flying,465,65,80,140,40,70,70,2,1.7,50.5,25,50.0,50.0,Flying, N/A
227,228,Houndour,Dark,Fire,330,45,60,30,80,50,65,2,0.61,10.8,120,50.0,50.0,Field, N/A
228,229,Houndoom,Dark,Fire,500,75,90,50,110,80,95,2,1.4,35.0,45,50.0,50.0,Field, N/A
229,230,Kingdra,Water,Dragon,540,75,95,95,95,95,85,2,1.8,152.0,45,50.0,50.0,Dragon  ,  Water 1
230,231,Phanpy,Ground,None,330,90,60,60,40,40,40,2,0.51,33.5,120,50.0,50.0,Field, N/A
231,232,Donphan,Ground,None,500,90,120,120,60,60,50,2,1.09,120.0,60,50.0,50.0,Field, N/A
232,233,Porygon2,Normal,None,515,85,80,90,105,95,60,2,0.61,32.5,45,0.0,0.0,Mineral, N/A
233,234,Stantler,Normal,None,465,73,95,62,85,65,85,2,1.4,71.2,45,50.0,50.0,Field, N/A
234,235,Smeargle,Normal,None,250,55,20,35,20,45,75,2,1.19,58.0,45,50.0,50.0,Field, N/A
235,236,Tyrogue,Fighting,None,210,35,35,35,35,35,35,2,0.71,21.0,75,100.0,0.0,Undiscovered, N/A
236,237,Hitmontop,Fighting,None,455,50,95,95,35,110,70,2,1.4,48.0,45,100.0,0.0,Human-Like, N/A
237,238,Smoochum,Ice,Psychic,305,45,30,15,85,65,65,2,0.41,6.0,45,0.0,100.0,Undiscovered, N/A
238,239,Elekid,Electric,None,360,45,63,37,65,55,95,2,0.61,23.5,45,75.0,25.0,Undiscovered, N/A
239,240,Magby,Fire,None,365,45,75,37,70,55,83,2,0.71,21.4,45,75.0,25.0,Undiscovered, N/A
240,241,Miltank,Normal,None,490,95,80,105,40,70,100,2,1.19,75.5,45,0.0,100.0,Field, N/A
241,242,Blissey,Normal,None,540,255,10,10,75,135,55,2,1.5,46.8,30,0.0,100.0,Fairy, N/A
242,243,Raikou,Electric,None,580,90,85,75,115,100,115,2,1.91,178.0,3,0.0,0.0,Undiscovered, N/A
243,244,Entei,Fire,None,580,115,115,85,90,75,100,2,2.11,198.0,3,0.0,0.0,Undiscovered, N/A
244,245,Suicune,Water,None,580,100,75,115,90,115,85,2,2.01,187.0,3,0.0,0.0,Undiscovered, N/A
245,246,Larvitar,Rock,Ground,300,50,64,50,45,50,41,2,0.61,72.0,45,50.0,50.0,Monster, N/A
246,247,Pupitar,Rock,Ground,410,70,84,70,65,70,51,2,1.19,152.0,45,50.0,50.0,Monster, N/A
247,248,Tyranitar,Rock,Dark,600,100,134,110,95,100,61,2,2.01,202.0,45,50.0,50.0,Monster, N/A
248,249,Lugia,Psychic,Flying,680,106,90,130,90,154,110,2,5.21,216.0,3,0.0,0.0,Undiscovered, N/A
249,250,Ho-oh,Fire,Flying,680,106,130,90,110,154,90,2,3.81,199.0,3,0.0,0.0,Undiscovered, N/A
250,251,Celebi,Psychic,Grass,600,100,100,100,100,100,100,2,0.61,5.0,45,0.0,0.0,Undiscovered, N/A
251,252,Treecko,Grass,None,310,40,45,35,65,55,70,3,0.51,5.0,45,87.5,12.5,Dragon  ,  Monster
252,253,Grovyle,Grass,None,405,50,65,45,85,65,95,3,0.89,21.6,45,87.5,12.5,Dragon  ,  Monster
253,254,Sceptile,Grass,None,530,70,85,65,105,85,120,3,1.7,52.2,45,87.5,12.5,Dragon  ,  Monster
254,255,Torchic,Fire,None,310,45,60,40,70,50,45,3,0.41,2.5,45,87.5,12.5,Field, N/A
255,256,Combusken,Fire,Fighting,405,60,85,60,85,60,55,3,0.89,19.5,45,87.5,12.5,Field, N/A
256,257,Blaziken,Fire,Fighting,530,80,120,70,110,70,80,3,1.91,52.0,45,87.5,12.5,Field, N/A
257,258,Mudkip,Water,None,310,50,70,50,50,50,40,3,0.41,7.6,45,87.5,12.5,Monster  ,  Water 1
258,259,Marshtomp,Water,Ground,405,70,85,70,60,70,50,3,0.71,28.0,45,87.5,12.5,Monster  ,  Water 1
259,260,Swampert,Water,Ground,535,100,110,90,85,90,60,3,1.5,81.9,45,87.5,12.5,Monster  ,  Water 1
260,261,Poochyena,Dark,None,220,35,55,35,30,30,35,3,0.51,13.6,255,50.0,50.0,Field, N/A
261,262,Mightyena,Dark,None,420,70,90,70,60,60,70,3,0.99,37.0,127,50.0,50.0,Field, N/A
262,263,Zigzagoon,Normal,None,240,38,30,41,30,41,60,3,0.41,17.5,255,50.0,50.0,Field, N/A
263,264,Linoone,Normal,None,420,78,70,61,50,61,100,3,0.51,32.5,90,50.0,50.0,Field, N/A
264,265,Wurmple,Bug,None,195,45,45,35,20,30,20,3,0.3,3.6,255,50.0,50.0,Bug, N/A
265,266,Silcoon,Bug,None,205,50,35,55,25,25,15,3,0.61,10.0,120,50.0,50.0,Bug, N/A
266,267,Beautifly,Bug,Flying,395,60,70,50,100,50,65,3,0.99,28.4,45,50.0,50.0,Bug, N/A
267,268,Cascoon,Bug,None,205,50,35,55,25,25,15,3,0.71,11.5,120,50.0,50.0,Bug, N/A
268,269,Dustox,Bug,Poison,385,60,50,70,50,90,65,3,1.19,31.6,45,50.0,50.0,Bug, N/A
269,270,Lotad,Water,Grass,220,40,30,30,40,50,30,3,0.51,2.6,255,50.0,50.0,Grass  ,  Water 1
270,271,Lombre,Water,Grass,340,60,50,50,60,70,50,3,1.19,32.5,120,50.0,50.0,Grass  ,  Water 1
271,272,Ludicolo,Water,Grass,480,80,70,70,90,100,70,3,1.5,55.0,45,50.0,50.0,Grass  ,  Water 1
272,273,Seedot,Grass,None,220,40,40,50,30,30,30,3,0.51,4.0,255,50.0,50.0,Field  ,  Grass
273,274,Nuzleaf,Grass,Dark,340,70,70,40,60,40,60,3,0.99,28.0,120,50.0,50.0,Field  ,  Grass
274,275,Shiftry,Grass,Dark,480,90,100,60,90,60,80,3,1.3,59.6,45,50.0,50.0,Field  ,  Grass
275,276,Taillow,Normal,Flying,270,40,55,30,30,30,85,3,0.3,2.3,200,50.0,50.0,Flying, N/A
276,277,Swellow,Normal,Flying,455,60,85,60,75,50,125,3,0.71,19.8,45,50.0,50.0,Flying, N/A
277,278,Wingull,Water,Flying,270,40,30,30,55,30,85,3,0.61,9.5,190,50.0,50.0,Flying  ,  Water 1
278,279,Pelipper,Water,Flying,440,60,50,100,95,70,65,3,1.19,28.0,45,50.0,50.0,Flying  ,  Water 1
279,280,Ralts,Psychic,Fairy,198,28,25,25,45,35,40,3,0.41,6.6,235,50.0,50.0,Amorphous, N/A
280,281,Kirlia,Psychic,Fairy,278,38,35,35,65,55,50,3,0.79,20.2,120,50.0,50.0,Amorphous, N/A
281,282,Gardevoir,Psychic,Fairy,518,68,65,65,125,115,80,3,1.6,48.4,45,50.0,50.0,Amorphous, N/A
282,283,Surskit,Bug,Water,269,40,30,32,50,52,65,3,0.51,1.7,200,50.0,50.0,Bug  ,  Water 1
283,284,Masquerain,Bug,Flying,454,70,60,62,100,82,80,3,0.79,3.6,75,50.0,50.0,Bug  ,  Water 1
284,285,Shroomish,Grass,None,295,60,40,60,40,60,35,3,0.41,4.5,255,50.0,50.0,Fairy  ,  Grass
285,286,Breloom,Grass,Fighting,460,60,130,80,60,60,70,3,1.19,39.2,90,50.0,50.0,Fairy  ,  Grass
286,287,Slakoth,Normal,None,280,60,60,60,35,35,30,3,0.79,24.0,255,50.0,50.0,Field, N/A
287,288,Vigoroth,Normal,None,440,80,80,80,55,55,90,3,1.4,46.5,120,50.0,50.0,Field, N/A
288,289,Slaking,Normal,None,670,150,160,100,95,65,100,3,2.01,130.5,45,50.0,50.0,Field, N/A
289,290,Nincada,Bug,Ground,266,31,45,90,30,30,40,3,0.51,5.5,255,50.0,50.0,Bug, N/A
290,291,Ninjask,Bug,Flying,456,61,90,45,50,50,160,3,0.79,12.0,120,50.0,50.0,Bug, N/A
291,292,Shedinja,Bug,Ghost,236,1,90,45,30,30,40,3,0.79,1.2,45,0.0,0.0,Mineral, N/A
292,293,Whismur,Normal,None,240,64,51,23,51,23,28,3,0.61,16.3,190,50.0,50.0,Field  ,  Monster
293,294,Loudred,Normal,None,360,84,71,43,71,43,48,3,0.99,40.5,120,50.0,50.0,Field  ,  Monster
294,295,Exploud,Normal,None,490,104,91,63,91,73,68,3,1.5,84.0,45,50.0,50.0,Field  ,  Monster
295,296,Makuhita,Fighting,None,237,72,60,30,20,30,25,3,0.99,86.4,180,75.0,25.0,Human-Like, N/A
296,297,Hariyama,Fighting,None,474,144,120,60,40,60,50,3,2.31,253.8,200,75.0,25.0,Human-Like, N/A
297,298,Azurill,Normal,Fairy,190,50,20,40,20,40,20,3,0.2,2.0,150,25.0,75.0,Undiscovered, N/A
298,299,Nosepass,Rock,None,375,30,45,135,45,90,30,3,0.99,97.0,255,50.0,50.0,Mineral, N/A
299,300,Skitty,Normal,None,260,50,45,45,35,35,50,3,0.61,11.0,255,25.0,75.0,Fairy  ,  Field
300,301,Delcatty,Normal,None,400,70,65,65,55,55,90,3,1.09,32.6,60,25.0,75.0,Fairy  ,  Field
301,302,Sableye,Dark,Ghost,380,50,75,75,65,65,50,3,0.51,11.0,45,50.0,50.0,Human-Like, N/A
302,303,Mawile,Steel,Fairy,380,50,85,85,55,55,50,3,0.61,11.5,45,50.0,50.0,Fairy  ,  Field
303,304,Aron,Steel,Rock,330,50,70,100,40,40,30,3,0.41,60.0,180,50.0,50.0,Monster, N/A
304,305,Lairon,Steel,Rock,430,60,90,140,50,50,40,3,0.89,120.0,90,50.0,50.0,Monster, N/A
305,306,Aggron,Steel,Rock,530,70,110,180,60,60,50,3,2.11,360.0,45,50.0,50.0,Monster, N/A
306,307,Meditite,Fighting,Psychic,280,30,40,55,40,55,60,3,0.61,11.2,180,50.0,50.0,Human-Like, N/A
307,308,Medicham,Fighting,Psychic,410,60,60,75,60,75,80,3,1.3,31.5,90,50.0,50.0,Human-Like, N/A
308,309,Electrike,Electric,None,295,40,45,40,65,40,65,3,0.61,15.2,120,50.0,50.0,Field, N/A
309,310,Manectric,Electric,None,475,70,75,60,105,60,105,3,1.5,40.2,45,50.0,50.0,Field, N/A
310,311,Plusle,Electric,None,405,60,50,40,85,75,95,3,0.41,4.2,200,50.0,50.0,Fairy, N/A
311,312,Minun,Electric,None,405,60,40,50,75,85,95,3,0.41,4.2,200,50.0,50.0,Fairy, N/A
312,313,Volbeat,Bug,None,430,65,73,75,47,85,85,3,0.71,17.7,150,100.0,0.0,Bug  ,  Human-Like
313,314,Illumise,Bug,None,430,65,47,75,73,85,85,3,0.61,17.7,150,0.0,100.0,Bug  ,  Human-Like
314,315,Roselia,Grass,Poison,400,50,60,45,100,80,65,3,0.3,2.0,150,50.0,50.0,Fairy  ,  Grass
315,316,Gulpin,Poison,None,302,70,43,53,43,53,40,3,0.41,10.3,225,50.0,50.0,Amorphous, N/A
316,317,Swalot,Poison,None,467,100,73,83,73,83,55,3,1.7,80.0,75,50.0,50.0,Amorphous, N/A
317,318,Carvanha,Water,Dark,305,45,90,20,65,20,65,3,0.79,20.8,225,50.0,50.0,Water 2, N/A
318,319,Sharpedo,Water,Dark,460,70,120,40,95,40,95,3,1.8,88.8,60,50.0,50.0,Water 2, N/A
319,320,Wailmer,Water,None,400,130,70,35,70,35,60,3,2.01,130.0,125,50.0,50.0,Field  ,  Water 2
320,321,Wailord,Water,None,500,170,90,45,90,45,60,3,14.5,398.0,60,50.0,50.0,Field  ,  Water 2
321,322,Numel,Fire,Ground,305,60,60,40,65,45,35,3,0.71,24.0,255,50.0,50.0,Field, N/A
322,323,Camerupt,Fire,Ground,460,70,100,70,105,75,40,3,1.91,220.0,150,50.0,50.0,Field, N/A
323,324,Torkoal,Fire,None,470,70,85,140,85,70,20,3,0.51,80.4,90,50.0,50.0,Field, N/A
324,325,Spoink,Psychic,None,330,60,25,35,70,80,60,3,0.71,30.6,255,50.0,50.0,Field, N/A
325,326,Grumpig,Psychic,None,470,80,45,65,90,110,80,3,0.89,71.5,60,50.0,50.0,Field, N/A
326,327,Spinda,Normal,None,360,60,60,60,60,60,60,3,1.09,5.0,255,50.0,50.0,Field  ,  Human-Like
327,328,Trapinch,Ground,None,290,45,100,45,45,45,10,3,0.71,15.0,255,50.0,50.0,Bug, N/A
328,329,Vibrava,Ground,Dragon,340,50,70,50,50,50,70,3,1.09,15.3,120,50.0,50.0,Bug, N/A
329,330,Flygon,Ground,Dragon,520,80,100,80,80,80,100,3,2.01,82.0,45,50.0,50.0,Bug, N/A
330,331,Cacnea,Grass,None,335,50,85,40,85,40,35,3,0.41,51.3,190,50.0,50.0,Grass  ,  Human-Like
331,332,Cacturne,Grass,Dark,475,70,115,60,115,60,55,3,1.3,77.4,60,50.0,50.0,Grass  ,  Human-Like
332,333,Swablu,Normal,Flying,310,45,40,60,40,75,50,3,0.41,1.2,255,50.0,50.0,Dragon  ,  Flying
333,334,Altaria,Dragon,Flying,490,75,70,90,70,105,80,3,1.09,20.6,45,50.0,50.0,Dragon  ,  Flying
334,335,Zangoose,Normal,None,458,73,115,60,60,60,90,3,1.3,40.3,90,50.0,50.0,Field, N/A
335,336,Seviper,Poison,None,458,73,100,60,100,60,65,3,2.69,52.5,90,50.0,50.0,Dragon  ,  Field
336,337,Lunatone,Rock,Psychic,460,90,55,65,95,85,70,3,0.99,168.0,45,0.0,0.0,Mineral, N/A
337,338,Solrock,Rock,Psychic,460,90,95,85,55,65,70,3,1.19,154.0,45,0.0,0.0,Mineral, N/A
338,339,Barboach,Water,Ground,288,50,48,43,46,41,60,3,0.41,1.9,190,50.0,50.0,Water 2, N/A
339,340,Whiscash,Water,Ground,468,110,78,73,76,71,60,3,0.89,23.6,75,50.0,50.0,Water 2, N/A
340,341,Corphish,Water,None,308,43,80,65,50,35,35,3,0.61,11.5,205,50.0,50.0,Water 1  ,  Water 3
341,342,Crawdaunt,Water,Dark,468,63,120,85,90,55,55,3,1.09,32.8,155,50.0,50.0,Water 1  ,  Water 3
342,343,Baltoy,Ground,Psychic,300,40,40,55,40,70,55,3,0.51,21.5,255,0.0,0.0,Mineral, N/A
343,344,Claydol,Ground,Psychic,500,60,70,105,70,120,75,3,1.5,108.0,90,0.0,0.0,Mineral, N/A
344,345,Lileep,Rock,Grass,355,66,41,77,61,87,23,3,0.99,23.8,45,87.5,12.5,Water 3, N/A
345,346,Cradily,Rock,Grass,495,86,81,97,81,107,43,3,1.5,60.4,45,87.5,12.5,Water 3, N/A
346,347,Anorith,Rock,Bug,355,45,95,50,40,50,75,3,0.71,12.5,45,87.5,12.5,Water 3, N/A
347,348,Armaldo,Rock,Bug,495,75,125,100,70,80,45,3,1.5,68.2,45,87.5,12.5,Water 3, N/A
348,349,Feebas,Water,None,200,20,15,20,10,55,80,3,0.61,7.4,255,50.0,50.0,Dragon  ,  Water 1
349,350,Milotic,Water,None,540,95,60,79,100,125,81,3,6.2,162.0,60,50.0,50.0,Dragon  ,  Water 1
350,351,Castform,Normal,None,420,70,70,70,70,70,70,3,0.3,0.8,45,50.0,50.0,Amorphous  ,  Fairy
351,352,Kecleon,Normal,None,440,60,90,70,60,120,40,3,0.99,22.0,200,50.0,50.0,Field, N/A
352,353,Shuppet,Ghost,None,295,44,75,35,63,33,45,3,0.61,2.3,225,50.0,50.0,Amorphous, N/A
353,354,Banette,Ghost,None,455,64,115,65,83,63,65,3,1.09,12.5,45,50.0,50.0,Amorphous, N/A
354,355,Duskull,Ghost,None,295,20,40,90,30,90,25,3,0.79,15.0,190,50.0,50.0,Amorphous, N/A
355,356,Dusclops,Ghost,None,455,40,70,130,60,130,25,3,1.6,30.6,90,50.0,50.0,Amorphous, N/A
356,357,Tropius,Grass,Flying,460,99,68,83,72,87,51,3,2.01,100.0,200,50.0,50.0,Grass  ,  Monster
357,358,Chimecho,Psychic,None,455,75,50,80,95,90,65,3,0.61,1.0,45,50.0,50.0,Amorphous, N/A
358,359,Absol,Dark,None,465,65,130,60,75,60,75,3,1.19,47.0,30,50.0,50.0,Field, N/A
359,360,Wynaut,Psychic,None,260,95,23,48,23,48,23,3,0.61,14.0,125,50.0,50.0,Undiscovered, N/A
360,361,Snorunt,Ice,None,300,50,50,50,50,50,50,3,0.71,16.8,190,50.0,50.0,Fairy  ,  Mineral
361,362,Glalie,Ice,None,480,80,80,80,80,80,80,3,1.5,256.5,75,50.0,50.0,Fairy  ,  Mineral
362,363,Spheal,Ice,Water,290,70,40,50,55,50,25,3,0.79,39.5,255,50.0,50.0,Field  ,  Water 1
363,364,Sealeo,Ice,Water,410,90,60,70,75,70,45,3,1.09,87.6,120,50.0,50.0,Field  ,  Water 1
364,365,Walrein,Ice,Water,530,110,80,90,95,90,65,3,1.4,150.6,45,50.0,50.0,Field  ,  Water 1
365,366,Clamperl,Water,None,345,35,64,85,74,55,32,3,0.41,52.5,255,50.0,50.0,Water 1, N/A
366,367,Huntail,Water,None,485,55,104,105,94,75,52,3,1.7,27.0,60,50.0,50.0,Water 1, N/A
367,368,Gorebyss,Water,None,485,55,84,105,114,75,52,3,1.8,22.6,60,50.0,50.0,Water 1, N/A
368,369,Relicanth,Water,Rock,485,100,90,130,45,65,55,3,0.99,23.4,25,87.5,12.5,Water 1  ,  Water 2
369,370,Luvdisc,Water,None,330,43,30,55,40,65,97,3,0.61,8.7,225,25.0,75.0,Water 2, N/A
370,371,Bagon,Dragon,None,300,45,75,60,40,30,50,3,0.61,42.1,45,50.0,50.0,Dragon, N/A
371,372,Shelgon,Dragon,None,420,65,95,100,60,50,50,3,1.09,110.5,45,50.0,50.0,Dragon, N/A
372,373,Salamence,Dragon,Flying,600,95,135,80,110,80,100,3,1.5,102.6,45,50.0,50.0,Dragon, N/A
373,374,Beldum,Steel,Psychic,300,40,55,80,35,60,30,3,0.61,95.2,3,0.0,0.0,Mineral, N/A
374,375,Metang,Steel,Psychic,420,60,75,100,55,80,50,3,1.19,202.5,3,0.0,0.0,Mineral, N/A
375,376,Metagross,Steel,Psychic,600,80,135,130,95,90,70,3,1.6,550.0,3,0.0,0.0,Mineral, N/A
376,377,Regirock,Rock,None,580,80,100,200,50,100,50,3,1.7,230.0,3,0.0,0.0,Undiscovered, N/A
377,378,Regice,Ice,None,580,80,50,100,100,200,50,3,1.8,175.0,3,0.0,0.0,Undiscovered, N/A
378,379,Registeel,Steel,None,580,80,75,150,75,150,50,3,1.91,205.0,3,0.0,0.0,Undiscovered, N/A
379,380,Latias,Dragon,Psychic,600,80,80,90,110,130,110,3,1.4,40.0,3,0.0,100.0,Undiscovered, N/A
380,381,Latios,Dragon,Psychic,600,80,90,80,130,110,110,3,2.01,60.0,3,100.0,0.0,Undiscovered, N/A
381,382,Kyogre,Water,None,670,100,100,90,150,140,90,3,4.5,352.0,5,0.0,0.0,Undiscovered, N/A
382,383,Groudon,Ground,None,670,100,150,140,100,90,90,3,3.51,950.0,5,0.0,0.0,Undiscovered, N/A
383,384,Rayquaza,Dragon,Flying,680,105,150,90,150,90,95,3,7.01,206.5,3,0.0,0.0,Undiscovered, N/A
384,385,Jirachi,Steel,Psychic,600,100,100,100,100,100,100,3,0.3,1.1,3,0.0,0.0,Undiscovered, N/A
385,386,Deoxys,Psychic,None,600,50,150,50,150,50,150,3,1.7,60.8,3,0.0,0.0,Undiscovered, N/A
386,387,Turtwig,Grass,None,318,55,68,64,45,55,31,4,0.41,10.2,45,87.5,12.5,Grass  ,  Monster
387,388,Grotle,Grass,None,405,75,89,85,55,65,36,4,1.09,97.0,45,87.5,12.5,Grass  ,  Monster
388,389,Torterra,Grass,Ground,525,95,109,105,75,85,56,4,2.21,310.0,45,87.5,12.5,Grass  ,  Monster
389,390,Chimchar,Fire,None,309,44,58,44,58,44,61,4,0.51,6.2,45,87.5,12.5,Field  ,  Human-Like
390,391,Monferno,Fire,Fighting,405,64,78,52,78,52,81,4,0.89,22.0,45,87.5,12.5,Field  ,  Human-Like
391,392,Infernape,Fire,Fighting,534,76,104,71,104,71,108,4,1.19,55.0,45,87.5,12.5,Field  ,  Human-Like
392,393,Piplup,Water,None,314,53,51,53,61,56,40,4,0.41,5.2,45,87.5,12.5,Field  ,  Water 1
393,394,Prinplup,Water,None,405,64,66,68,81,76,50,4,0.79,23.0,45,87.5,12.5,Field  ,  Water 1
394,395,Empoleon,Water,Steel,530,84,86,88,111,101,60,4,1.7,84.5,45,87.5,12.5,Field  ,  Water 1
395,396,Starly,Normal,Flying,245,40,55,30,30,30,60,4,0.3,2.0,255,50.0,50.0,Flying, N/A
396,397,Staravia,Normal,Flying,340,55,75,50,40,40,80,4,0.61,15.5,120,50.0,50.0,Flying, N/A
397,398,Staraptor,Normal,Flying,485,85,120,70,50,60,100,4,1.19,24.9,45,50.0,50.0,Flying, N/A
398,399,Bidoof,Normal,None,250,59,45,40,35,40,31,4,0.51,20.0,255,50.0,50.0,Field  ,  Water 1
399,400,Bibarel,Normal,Water,410,79,85,60,55,60,71,4,0.99,31.5,127,50.0,50.0,Field  ,  Water 1
400,401,Kricketot,Bug,None,194,37,25,41,25,41,25,4,0.3,2.2,255,50.0,50.0,Bug, N/A
401,402,Kricketune,Bug,None,384,77,85,51,55,51,65,4,0.99,25.5,45,50.0,50.0,Bug, N/A
402,403,Shinx,Electric,None,263,45,65,34,40,34,45,4,0.51,9.5,235,50.0,50.0,Field, N/A
403,404,Luxio,Electric,None,363,60,85,49,60,49,60,4,0.89,30.5,120,50.0,50.0,Field, N/A
404,405,Luxray,Electric,None,523,80,120,79,95,79,70,4,1.4,42.0,45,50.0,50.0,Field, N/A
405,406,Budew,Grass,Poison,280,40,30,35,50,70,55,4,0.2,1.2,255,50.0,50.0,Undiscovered, N/A
406,407,Roserade,Grass,Poison,515,60,70,65,125,105,90,4,0.89,14.5,75,50.0,50.0,Fairy  ,  Grass
407,408,Cranidos,Rock,None,350,67,125,40,30,30,58,4,0.89,31.5,45,87.5,12.5,Monster, N/A
408,409,Rampardos,Rock,None,495,97,165,60,65,50,58,4,1.6,102.5,45,87.5,12.5,Monster, N/A
409,410,Shieldon,Rock,Steel,350,30,42,118,42,88,30,4,0.51,57.0,45,87.5,12.5,Monster, N/A
410,411,Bastiodon,Rock,Steel,495,60,52,168,47,138,30,4,1.3,149.5,45,87.5,12.5,Monster, N/A
411,412,Burmy,Bug,None,224,40,29,45,29,45,36,4,0.2,3.4,120,50.0,50.0,Bug, N/A
412,413,Wormadam,Bug,Grass,424,60,59,85,79,105,36,4,0.51,6.5,45,0.0,100.0,Bug, N/A
413,414,Mothim,Bug,Flying,424,70,94,50,94,50,66,4,0.89,23.3,45,100.0,0.0,Bug, N/A
414,415,Combee,Bug,Flying,244,30,30,42,30,42,70,4,0.3,5.5,120,87.5,12.5,Bug, N/A
415,416,Vespiquen,Bug,Flying,474,70,80,102,80,102,40,4,1.19,38.5,45,0.0,100.0,Bug, N/A
416,417,Pachirisu,Electric,None,405,60,45,70,45,90,95,4,0.41,3.9,200,50.0,50.0,Fairy  ,  Field
417,418,Buizel,Water,None,330,55,65,35,60,30,85,4,0.71,29.5,190,50.0,50.0,Field  ,  Water 1
418,419,Floatzel,Water,None,495,85,105,55,85,50,115,4,1.09,33.5,75,50.0,50.0,Field  ,  Water 1
419,420,Cherubi,Grass,None,275,45,35,45,62,53,35,4,0.41,3.3,190,50.0,50.0,Fairy  ,  Grass
420,421,Cherrim,Grass,None,450,70,60,70,87,78,85,4,0.51,9.3,75,50.0,50.0,Fairy  ,  Grass
421,422,Shellos,Water,None,325,76,48,48,57,62,34,4,0.3,6.3,190,50.0,50.0,Amorphous  ,  Water 1
422,423,Gastrodon,Water,Ground,475,111,83,68,92,82,39,4,0.89,29.9,75,50.0,50.0,Amorphous  ,  Water 1
423,424,Ambipom,Normal,None,482,75,100,66,60,66,115,4,1.19,20.3,45,50.0,50.0,Field, N/A
424,425,Drifloon,Ghost,Flying,348,90,50,34,60,44,70,4,0.41,1.2,125,50.0,50.0,Amorphous, N/A
425,426,Drifblim,Ghost,Flying,498,150,80,44,90,54,80,4,1.19,15.0,60,50.0,50.0,Amorphous, N/A
426,427,Buneary,Normal,None,350,55,66,44,44,56,85,4,0.41,5.5,190,50.0,50.0,Field  ,  Human-Like
427,428,Lopunny,Normal,None,480,65,76,84,54,96,105,4,1.19,33.3,60,50.0,50.0,Field  ,  Human-Like
428,429,Mismagius,Ghost,None,495,60,60,60,105,105,105,4,0.89,4.4,45,50.0,50.0,Amorphous, N/A
429,430,Honchkrow,Dark,Flying,505,100,125,52,105,52,71,4,0.89,27.3,30,50.0,50.0,Flying, N/A
430,431,Glameow,Normal,None,310,49,55,42,42,37,85,4,0.51,3.9,190,25.0,75.0,Field, N/A
431,432,Purugly,Normal,None,452,71,82,64,64,59,112,4,0.99,43.8,75,25.0,75.0,Field, N/A
432,433,Chingling,Psychic,None,285,45,30,50,65,50,45,4,0.2,0.6,120,50.0,50.0,Undiscovered, N/A
433,434,Stunky,Poison,Dark,329,63,63,47,41,41,74,4,0.41,19.2,225,50.0,50.0,Field, N/A
434,435,Skuntank,Poison,Dark,479,103,93,67,71,61,84,4,0.99,38.0,60,50.0,50.0,Field, N/A
435,436,Bronzor,Steel,Psychic,300,57,24,86,24,86,23,4,0.51,60.5,255,0.0,0.0,Mineral, N/A
436,437,Bronzong,Steel,Psychic,500,67,89,116,79,116,33,4,1.3,187.0,90,0.0,0.0,Mineral, N/A
437,438,Bonsly,Rock,None,290,50,80,95,10,45,10,4,0.51,15.0,255,50.0,50.0,Undiscovered, N/A
438,439,Mime Jr.,Psychic,Fairy,310,20,25,45,70,90,60,4,0.61,13.0,145,50.0,50.0,Undiscovered, N/A
439,440,Happiny,Normal,None,220,100,5,5,15,65,30,4,0.61,24.4,130,0.0,100.0,Undiscovered, N/A
440,441,Chatot,Normal,Flying,411,76,65,45,92,42,91,4,0.51,1.9,30,50.0,50.0,Flying, N/A
441,442,Spiritomb,Ghost,Dark,485,50,92,108,92,108,35,4,0.99,108.0,100,50.0,50.0,Amorphous, N/A
442,443,Gible,Dragon,Ground,300,58,70,45,40,45,42,4,0.71,20.5,45,50.0,50.0,Dragon  ,  Monster
443,444,Gabite,Dragon,Ground,410,68,90,65,50,55,82,4,1.4,56.0,45,50.0,50.0,Dragon  ,  Monster
444,445,Garchomp,Dragon,Ground,600,108,130,95,80,85,102,4,1.91,95.0,45,50.0,50.0,Dragon  ,  Monster
445,446,Munchlax,Normal,None,390,135,85,40,40,85,5,4,0.61,105.0,50,87.5,12.5,Undiscovered, N/A
446,447,Riolu,Fighting,None,285,40,70,40,35,40,60,4,0.71,20.2,75,87.5,12.5,Undiscovered, N/A
447,448,Lucario,Fighting,Steel,525,70,110,70,115,70,90,4,1.19,54.0,45,87.5,12.5,Field  ,  Human-Like
448,449,Hippopotas,Ground,None,330,68,72,78,38,42,32,4,0.79,49.5,140,50.0,50.0,Field, N/A
449,450,Hippowdon,Ground,None,525,108,112,118,68,72,47,4,2.01,300.0,60,50.0,50.0,Field, N/A
450,451,Skorupi,Poison,Bug,330,40,50,90,30,55,65,4,0.79,12.0,120,50.0,50.0,Bug  ,  Water 3
451,452,Drapion,Poison,Dark,500,70,90,110,60,75,95,4,1.3,61.5,45,50.0,50.0,Bug  ,  Water 3
452,453,Croagunk,Poison,Fighting,300,48,61,40,61,40,50,4,0.71,23.0,140,50.0,50.0,Human-Like, N/A
453,454,Toxicroak,Poison,Fighting,490,83,106,65,86,65,85,4,1.3,44.4,75,50.0,50.0,Human-Like, N/A
454,455,Carnivine,Grass,None,454,74,100,72,90,72,46,4,1.4,27.0,200,50.0,50.0,Grass, N/A
455,456,Finneon,Water,None,330,49,49,56,49,61,66,4,0.41,7.0,190,50.0,50.0,Water 2, N/A
456,457,Lumineon,Water,None,460,69,69,76,69,86,91,4,1.19,24.0,75,50.0,50.0,Water 2, N/A
457,458,Mantyke,Water,Flying,345,45,20,50,60,120,50,4,0.99,65.0,25,50.0,50.0,Undiscovered, N/A
458,459,Snover,Grass,Ice,334,60,62,50,62,60,40,4,0.99,50.5,120,50.0,50.0,Grass  ,  Monster
459,460,Abomasnow,Grass,Ice,494,90,92,75,92,85,60,4,2.21,135.5,60,50.0,50.0,Grass  ,  Monster
460,461,Weavile,Dark,Ice,510,70,120,65,45,85,125,4,1.09,34.0,45,50.0,50.0,Field, N/A
461,462,Magnezone,Electric,Steel,535,70,70,115,130,90,60,4,1.19,180.0,30,0.0,0.0,Mineral, N/A
462,463,Lickilicky,Normal,None,515,110,85,95,80,95,50,4,1.7,140.0,30,50.0,50.0,Monster, N/A
463,464,Rhyperior,Ground,Rock,535,115,140,130,55,55,40,4,2.39,282.8,30,50.0,50.0,Field  ,  Monster
464,465,Tangrowth,Grass,None,535,100,100,125,110,50,50,4,2.01,128.6,30,50.0,50.0,Grass, N/A
465,466,Electivire,Electric,None,540,75,123,67,95,85,95,4,1.8,138.6,30,75.0,25.0,Human-Like, N/A
466,467,Magmortar,Fire,None,540,75,95,67,125,95,83,4,1.6,68.0,30,75.0,25.0,Human-Like, N/A
467,468,Togekiss,Fairy,Flying,545,85,50,95,120,115,80,4,1.5,38.0,30,87.5,12.5,Fairy  ,  Flying
468,469,Yanmega,Bug,Flying,515,86,76,86,116,56,95,4,1.91,51.5,30,50.0,50.0,Bug, N/A
469,470,Leafeon,Grass,None,525,65,110,130,60,65,95,4,0.99,25.5,45,87.5,12.5,Field, N/A
470,471,Glaceon,Ice,None,525,65,60,110,130,95,65,4,0.79,25.9,45,87.5,12.5,Field, N/A
471,472,Gliscor,Ground,Flying,510,75,95,125,45,75,95,4,2.01,42.5,30,50.0,50.0,Bug, N/A
472,473,Mamoswine,Ice,Ground,530,110,130,80,70,60,80,4,2.49,291.0,50,50.0,50.0,Field, N/A
473,474,Porygon-Z,Normal,None,535,85,80,70,135,75,90,4,0.89,34.0,30,0.0,0.0,Mineral, N/A
474,475,Gallade,Psychic,Fighting,518,68,125,65,65,115,80,4,1.6,52.0,45,100.0,0.0,Amorphous, N/A
475,476,Probopass,Rock,Steel,525,60,55,145,75,150,40,4,1.4,340.0,60,50.0,50.0,Mineral, N/A
476,477,Dusknoir,Ghost,None,525,45,100,135,65,135,45,4,2.21,106.6,45,50.0,50.0,Amorphous, N/A
477,478,Froslass,Ice,Ghost,480,70,80,70,80,70,110,4,1.3,26.6,75,0.0,100.0,Fairy  ,  Mineral
478,479,Rotom,Electric,Ghost,440,50,50,77,95,77,91,4,0.3,0.3,45,0.0,0.0,Amorphous, N/A
479,480,Uxie,Psychic,None,580,75,75,130,75,130,95,4,0.3,0.3,3,0.0,0.0,Undiscovered, N/A
480,481,Mesprit,Psychic,None,580,80,105,105,105,105,80,4,0.3,0.3,3,0.0,0.0,Undiscovered, N/A
481,482,Azelf,Psychic,None,580,75,125,70,125,70,115,4,0.3,0.3,3,0.0,0.0,Undiscovered, N/A
482,483,Dialga,Steel,Dragon,680,100,120,120,150,100,90,4,5.41,683.0,30,0.0,0.0,Undiscovered, N/A
483,484,Palkia,Water,Dragon,680,90,120,100,150,120,100,4,4.19,336.0,30,0.0,0.0,Undiscovered, N/A
484,485,Heatran,Fire,Steel,600,91,90,106,130,106,77,4,1.7,430.0,3,50.0,50.0,Undiscovered, N/A
485,486,Regigigas,Normal,None,670,110,160,110,80,110,100,4,3.71,420.0,3,0.0,0.0,Undiscovered, N/A
486,487,Giratina,Ghost,Dragon,680,150,100,120,100,120,90,4,4.5,750.0,3,0.0,0.0,Undiscovered, N/A
487,488,Cresselia,Psychic,None,600,120,70,120,75,130,85,4,1.5,85.6,3,0.0,100.0,Undiscovered, N/A
488,489,Phione,Water,None,480,80,80,80,80,80,80,4,0.41,3.1,30,0.0,0.0,Fairy  ,  Water 1
489,490,Manaphy,Water,None,600,100,100,100,100,100,100,4,0.3,1.4,3,0.0,0.0,Fairy  ,  Water 1
490,491,Darkrai,Dark,None,600,70,90,90,135,90,125,4,1.5,50.5,3,0.0,0.0,Undiscovered, N/A
491,492,Shaymin,Grass,None,600,100,100,100,100,100,100,4,0.2,2.1,45,0.0,0.0,Undiscovered, N/A
492,493,Arceus,Normal,None,720,120,120,120,120,120,120,4,3.2,320.0,3,0.0,0.0,Undiscovered, N/A
493,494,Victini,Psychic,Fire,600,100,100,100,100,100,100,5,0.41,4.0,3,0.0,0.0,Undiscovered, N/A
494,495,Snivy,Grass,None,308,45,45,55,45,55,63,5,0.61,8.1,45,87.5,12.5,Field  ,  Grass
495,496,Servine,Grass,None,413,60,60,75,60,75,83,5,0.79,16.0,45,87.5,12.5,Field  ,  Grass
496,497,Serperior,Grass,None,528,75,75,95,75,95,113,5,3.3,63.0,45,87.5,12.5,Field  ,  Grass
497,498,Tepig,Fire,None,308,65,63,45,45,45,45,5,0.51,9.9,45,87.5,12.5,Field, N/A
498,499,Pignite,Fire,Fighting,418,90,93,55,70,55,55,5,0.99,55.5,45,87.5,12.5,Field, N/A
499,500,Emboar,Fire,Fighting,528,110,123,65,100,65,65,5,1.6,150.0,45,87.5,12.5,Field, N/A
500,501,Oshawott,Water,None,308,55,55,45,63,45,45,5,0.51,5.9,45,87.5,12.5,Field, N/A
501,502,Dewott,Water,None,413,75,75,60,83,60,60,5,0.79,24.5,45,87.5,12.5,Field, N/A
502,503,Samurott,Water,None,528,95,100,85,108,70,70,5,1.5,94.6,45,87.5,12.5,Field, N/A
503,504,Patrat,Normal,None,255,45,55,39,35,39,42,5,0.51,11.6,255,50.0,50.0,Field, N/A
504,505,Watchog,Normal,None,420,60,85,69,60,69,77,5,1.09,27.0,255,50.0,50.0,Field, N/A
505,506,Lillipup,Normal,None,275,45,60,45,25,45,55,5,0.41,4.1,255,50.0,50.0,Field, N/A
506,507,Herdier,Normal,None,370,65,80,65,35,65,60,5,0.89,14.7,120,50.0,50.0,Field, N/A
507,508,Stoutland,Normal,None,500,85,110,90,45,90,80,5,1.19,61.0,45,50.0,50.0,Field, N/A
508,509,Purrloin,Dark,None,281,41,50,37,50,37,66,5,0.41,10.1,255,50.0,50.0,Field, N/A
509,510,Liepard,Dark,None,446,64,88,50,88,50,106,5,1.09,37.5,90,50.0,50.0,Field, N/A
510,511,Pansage,Grass,None,316,50,53,48,53,48,64,5,0.61,10.5,190,87.5,12.5,Field, N/A
511,512,Simisage,Grass,None,498,75,98,63,98,63,101,5,1.09,30.5,75,87.5,12.5,Field, N/A
512,513,Pansear,Fire,None,316,50,53,48,53,48,64,5,0.61,11.0,190,87.5,12.5,Field, N/A
513,514,Simisear,Fire,None,498,75,98,63,98,63,101,5,0.99,28.0,75,87.5,12.5,Field, N/A
514,515,Panpour,Water,None,316,50,53,48,53,48,64,5,0.61,13.5,190,87.5,12.5,Field, N/A
515,516,Simipour,Water,None,498,75,98,63,98,63,101,5,0.99,29.0,75,87.5,12.5,Field, N/A
516,517,Munna,Psychic,None,292,76,25,45,67,55,24,5,0.61,23.3,190,50.0,50.0,Field, N/A
517,518,Musharna,Psychic,None,487,116,55,85,107,95,29,5,1.09,60.5,75,50.0,50.0,Field, N/A
518,519,Pidove,Normal,Flying,264,50,55,50,36,30,43,5,0.3,2.1,255,50.0,50.0,Flying, N/A
519,520,Tranquill,Normal,Flying,358,62,77,62,50,42,65,5,0.61,15.0,120,50.0,50.0,Flying, N/A
520,521,Unfezant,Normal,Flying,488,80,115,80,65,55,93,5,1.19,29.0,45,50.0,50.0,Flying, N/A
521,522,Blitzle,Electric,None,295,45,60,32,50,32,76,5,0.79,29.8,190,50.0,50.0,Field, N/A
522,523,Zebstrika,Electric,None,497,75,100,63,80,63,116,5,1.6,79.5,75,50.0,50.0,Field, N/A
523,524,Roggenrola,Rock,None,280,55,75,85,25,25,15,5,0.41,18.0,255,50.0,50.0,Mineral, N/A
524,525,Boldore,Rock,None,390,70,105,105,50,40,20,5,0.89,102.0,120,50.0,50.0,Mineral, N/A
525,526,Gigalith,Rock,None,515,85,135,130,60,80,25,5,1.7,260.0,45,50.0,50.0,Mineral, N/A
526,527,Woobat,Psychic,Flying,323,65,45,43,55,43,72,5,0.41,2.1,190,50.0,50.0,Field  ,  Flying
527,528,Swoobat,Psychic,Flying,425,67,57,55,77,55,114,5,0.89,10.5,45,50.0,50.0,Field  ,  Flying
528,529,Drilbur,Ground,None,328,60,85,40,30,45,68,5,0.3,8.5,120,50.0,50.0,Field, N/A
529,530,Excadrill,Ground,Steel,508,110,135,60,50,65,88,5,0.71,40.4,60,50.0,50.0,Field, N/A
530,531,Audino,Normal,None,445,103,60,86,60,86,50,5,1.09,31.0,255,50.0,50.0,Fairy, N/A
531,532,Timburr,Fighting,None,305,75,80,55,25,35,35,5,0.61,12.5,180,75.0,25.0,Human-Like, N/A
532,533,Gurdurr,Fighting,None,405,85,105,85,40,50,40,5,1.19,40.0,90,75.0,25.0,Human-Like, N/A
533,534,Conkeldurr,Fighting,None,505,105,140,95,55,65,45,5,1.4,87.0,45,75.0,25.0,Human-Like, N/A
534,535,Tympole,Water,None,294,50,50,40,50,40,64,5,0.51,4.5,255,50.0,50.0,Water 1, N/A
535,536,Palpitoad,Water,Ground,384,75,65,55,65,55,69,5,0.79,17.0,120,50.0,50.0,Water 1, N/A
536,537,Seismitoad,Water,Ground,509,105,95,75,85,75,74,5,1.5,62.0,45,50.0,50.0,Water 1, N/A
537,538,Throh,Fighting,None,465,120,100,85,30,85,45,5,1.3,55.5,45,100.0,0.0,Human-Like, N/A
538,539,Sawk,Fighting,None,465,75,125,75,30,75,85,5,1.4,51.0,45,100.0,0.0,Human-Like, N/A
539,540,Sewaddle,Bug,Grass,310,45,53,70,40,60,42,5,0.3,2.5,255,50.0,50.0,Bug, N/A
540,541,Swadloon,Bug,Grass,380,55,63,90,50,80,42,5,0.51,7.3,120,50.0,50.0,Bug, N/A
541,542,Leavanny,Bug,Grass,500,75,103,80,70,80,92,5,1.19,20.5,45,50.0,50.0,Bug, N/A
542,543,Venipede,Bug,Poison,260,30,45,59,30,39,57,5,0.41,5.3,255,50.0,50.0,Bug, N/A
543,544,Whirlipede,Bug,Poison,360,40,55,99,40,79,47,5,1.19,58.5,120,50.0,50.0,Bug, N/A
544,545,Scolipede,Bug,Poison,485,60,100,89,55,69,112,5,2.49,200.5,45,50.0,50.0,Bug, N/A
545,546,Cottonee,Grass,Fairy,280,40,27,60,37,50,66,5,0.3,0.6,190,50.0,50.0,Fairy  ,  Grass
546,547,Whimsicott,Grass,Fairy,480,60,67,85,77,75,116,5,0.71,6.6,75,50.0,50.0,Fairy  ,  Grass
547,548,Petilil,Grass,None,280,45,35,50,70,50,30,5,0.51,6.6,190,0.0,100.0,Grass, N/A
548,549,Lilligant,Grass,None,480,70,60,75,110,75,90,5,1.09,16.3,75,0.0,100.0,Grass, N/A
549,550,Basculin,Water,None,460,70,92,65,80,55,98,5,0.99,18.0,25,50.0,50.0,Water 2, N/A
550,551,Sandile,Ground,Dark,292,50,72,35,35,35,65,5,0.71,15.2,180,50.0,50.0,Field, N/A
551,552,Krokorok,Ground,Dark,351,60,82,45,45,45,74,5,0.99,33.4,90,50.0,50.0,Field, N/A
552,553,Krookodile,Ground,Dark,519,95,117,80,65,70,92,5,1.5,96.3,45,50.0,50.0,Field, N/A
553,554,Darumaka,Fire,None,315,70,90,45,15,45,50,5,0.61,37.5,120,50.0,50.0,Field, N/A
554,555,Darmanitan,Fire,None,480,105,140,55,30,55,95,5,1.3,92.9,60,50.0,50.0,Field, N/A
555,556,Maractus,Grass,None,461,75,86,67,106,67,60,5,0.99,28.0,255,50.0,50.0,Grass, N/A
556,557,Dwebble,Bug,Rock,325,50,65,85,35,35,55,5,0.3,14.5,190,50.0,50.0,Bug  ,  Mineral
557,558,Crustle,Bug,Rock,485,70,105,125,65,75,45,5,1.4,200.0,75,50.0,50.0,Bug  ,  Mineral
558,559,Scraggy,Dark,Fighting,348,50,75,70,35,70,48,5,0.61,11.8,180,50.0,50.0,Dragon  ,  Field
559,560,Scrafty,Dark,Fighting,488,65,90,115,45,115,58,5,1.09,30.0,90,50.0,50.0,Dragon  ,  Field
560,561,Sigilyph,Psychic,Flying,490,72,58,80,103,80,97,5,1.4,14.0,45,50.0,50.0,Flying, N/A
561,562,Yamask,Ghost,None,303,38,30,85,55,65,30,5,0.51,1.5,190,50.0,50.0,Amorphous  ,  Mineral
562,563,Cofagrigus,Ghost,None,483,58,50,145,95,105,30,5,1.7,76.5,90,50.0,50.0,Amorphous  ,  Mineral
563,564,Tirtouga,Water,Rock,355,54,78,103,53,45,22,5,0.71,16.5,45,87.5,12.5,Water 1  ,  Water 3
564,565,Carracosta,Water,Rock,495,74,108,133,83,65,32,5,1.19,81.0,45,87.5,12.5,Water 1  ,  Water 3
565,566,Archen,Rock,Flying,401,55,112,45,74,45,70,5,0.51,9.5,45,87.5,12.5,Flying  ,  Water 3
566,567,Archeops,Rock,Flying,567,75,140,65,112,65,110,5,1.4,32.0,45,87.5,12.5,Flying  ,  Water 3
567,568,Trubbish,Poison,None,329,50,50,62,40,62,65,5,0.61,31.0,190,50.0,50.0,Mineral, N/A
568,569,Garbodor,Poison,None,474,80,95,82,60,82,75,5,1.91,107.3,60,50.0,50.0,Mineral, N/A
569,570,Zorua,Dark,None,330,40,65,40,80,40,65,5,0.71,12.5,75,87.5,12.5,Field, N/A
570,571,Zoroark,Dark,None,510,60,105,60,120,60,105,5,1.6,81.1,45,87.5,12.5,Field, N/A
571,572,Minccino,Normal,None,300,55,50,40,40,40,75,5,0.41,5.8,255,25.0,75.0,Field, N/A
572,573,Cinccino,Normal,None,470,75,95,60,65,60,115,5,0.51,7.5,60,25.0,75.0,Field, N/A
573,574,Gothita,Psychic,None,290,45,30,50,55,65,45,5,0.41,5.8,200,25.0,75.0,Human-Like, N/A
574,575,Gothorita,Psychic,None,390,60,45,70,75,85,55,5,0.71,18.0,100,25.0,75.0,Human-Like, N/A
575,576,Gothitelle,Psychic,None,490,70,55,95,95,110,65,5,1.5,44.0,50,25.0,75.0,Human-Like, N/A
576,577,Solosis,Psychic,None,290,45,30,40,105,50,20,5,0.3,1.0,200,50.0,50.0,Amorphous, N/A
577,578,Duosion,Psychic,None,370,65,40,50,125,60,30,5,0.61,8.0,100,50.0,50.0,Amorphous, N/A
578,579,Reuniclus,Psychic,None,490,110,65,75,125,85,30,5,0.99,20.1,50,50.0,50.0,Amorphous, N/A
579,580,Ducklett,Water,Flying,305,62,44,50,44,50,55,5,0.51,5.5,190,50.0,50.0,Flying  ,  Water 1
580,581,Swanna,Water,Flying,473,75,87,63,87,63,98,5,1.3,24.2,45,50.0,50.0,Flying  ,  Water 1
581,582,Vanillite,Ice,None,305,36,50,50,65,60,44,5,0.41,5.7,255,50.0,50.0,Mineral, N/A
582,583,Vanillish,Ice,None,395,51,65,65,80,75,59,5,1.09,41.0,120,50.0,50.0,Mineral, N/A
583,584,Vanilluxe,Ice,None,535,71,95,85,110,95,79,5,1.3,57.5,45,50.0,50.0,Mineral, N/A
584,585,Deerling,Normal,Grass,335,60,60,50,40,50,75,5,0.61,19.5,190,50.0,50.0,Field, N/A
585,586,Sawsbuck,Normal,Grass,475,80,100,70,60,70,95,5,1.91,92.5,75,50.0,50.0,Field, N/A
586,587,Emolga,Electric,Flying,428,55,75,60,75,60,103,5,0.41,5.0,200,50.0,50.0,Field, N/A
587,588,Karrablast,Bug,None,315,50,75,45,40,45,60,5,0.51,5.9,200,50.0,50.0,Bug, N/A
588,589,Escavalier,Bug,Steel,495,70,135,105,60,105,20,5,0.99,33.0,75,50.0,50.0,Bug, N/A
589,590,Foongus,Grass,Poison,294,69,55,45,55,55,15,5,0.2,1.0,190,50.0,50.0,Grass, N/A
590,591,Amoonguss,Grass,Poison,464,114,85,70,85,80,30,5,0.61,10.5,75,50.0,50.0,Grass, N/A
591,592,Frillish,Water,Ghost,335,55,40,50,65,85,40,5,1.19,33.0,190,50.0,50.0,Amorphous, N/A
592,593,Jellicent,Water,Ghost,480,100,60,70,85,105,60,5,2.21,135.0,60,50.0,50.0,Amorphous, N/A
593,594,Alomomola,Water,None,470,165,75,80,40,45,65,5,1.19,31.6,75,50.0,50.0,Water 1  ,  Water 2
594,595,Joltik,Bug,Electric,319,50,47,50,57,50,65,5,0.1,0.6,190,50.0,50.0,Bug, N/A
595,596,Galvantula,Bug,Electric,472,70,77,60,97,60,108,5,0.79,14.3,75,50.0,50.0,Bug, N/A
596,597,Ferroseed,Grass,Steel,305,44,50,91,24,86,10,5,0.61,18.8,255,50.0,50.0,Grass  ,  Mineral
597,598,Ferrothorn,Grass,Steel,489,74,94,131,54,116,20,5,0.99,110.0,90,50.0,50.0,Grass  ,  Mineral
598,599,Klink,Steel,None,300,40,55,70,45,60,30,5,0.3,21.0,130,0.0,0.0,Mineral, N/A
599,600,Klang,Steel,None,440,60,80,95,70,85,50,5,0.61,51.0,60,0.0,0.0,Mineral, N/A
600,601,Klinklang,Steel,None,520,60,100,115,70,85,90,5,0.61,81.0,30,0.0,0.0,Mineral, N/A
601,602,Tynamo,Electric,None,275,35,55,40,45,40,60,5,0.2,0.3,190,50.0,50.0,Amorphous, N/A
602,603,Eelektrik,Electric,None,405,65,85,70,75,70,40,5,1.19,22.0,60,50.0,50.0,Amorphous, N/A
603,604,Eelektross,Electric,None,515,85,115,80,105,80,50,5,2.11,80.5,30,50.0,50.0,Amorphous, N/A
604,605,Elgyem,Psychic,None,335,55,55,55,85,55,30,5,0.51,9.0,255,50.0,50.0,Human-Like, N/A
605,606,Beheeyem,Psychic,None,485,75,75,75,125,95,40,5,0.99,34.5,90,50.0,50.0,Human-Like, N/A
606,607,Litwick,Ghost,Fire,275,50,30,55,65,55,20,5,0.3,3.1,190,50.0,50.0,Amorphous, N/A
607,608,Lampent,Ghost,Fire,370,60,40,60,95,60,55,5,0.61,13.0,90,50.0,50.0,Amorphous, N/A
608,609,Chandelure,Ghost,Fire,520,60,55,90,145,90,80,5,0.99,34.3,45,50.0,50.0,Amorphous, N/A
609,610,Axew,Dragon,None,320,46,87,60,30,40,57,5,0.61,18.0,75,50.0,50.0,Dragon  ,  Monster
610,611,Fraxure,Dragon,None,410,66,117,70,40,50,67,5,0.99,36.0,60,50.0,50.0,Dragon  ,  Monster
611,612,Haxorus,Dragon,None,540,76,147,90,60,70,97,5,1.8,105.5,45,50.0,50.0,Dragon  ,  Monster
612,613,Cubchoo,Ice,None,305,55,70,40,60,40,40,5,0.51,8.5,120,50.0,50.0,Field, N/A
613,614,Beartic,Ice,None,505,95,130,80,70,80,50,5,2.59,260.0,60,50.0,50.0,Field, N/A
614,615,Cryogonal,Ice,None,515,80,50,50,95,135,105,5,1.09,148.0,25,0.0,0.0,Mineral, N/A
615,616,Shelmet,Bug,None,305,50,40,85,40,65,25,5,0.41,7.7,200,50.0,50.0,Bug, N/A
616,617,Accelgor,Bug,None,495,80,70,40,100,60,145,5,0.79,25.3,75,50.0,50.0,Bug, N/A
617,618,Stunfisk,Ground,Electric,471,109,66,84,81,99,32,5,0.71,11.0,75,50.0,50.0,Amorphous  ,  Water 1
618,619,Mienfoo,Fighting,None,350,45,85,50,55,50,65,5,0.89,20.0,180,50.0,50.0,Field  ,  Human-Like
619,620,Mienshao,Fighting,None,510,65,125,60,95,60,105,5,1.4,35.5,45,50.0,50.0,Field  ,  Human-Like
620,621,Druddigon,Dragon,None,485,77,120,90,60,90,48,5,1.6,139.0,45,50.0,50.0,Dragon  ,  Monster
621,622,Golett,Ground,Ghost,303,59,74,50,35,50,35,5,0.99,92.0,190,0.0,0.0,Mineral, N/A
622,623,Golurk,Ground,Ghost,483,89,124,80,55,80,55,5,2.79,330.0,90,0.0,0.0,Mineral, N/A
623,624,Pawniard,Dark,Steel,340,45,85,70,40,40,60,5,0.51,10.2,120,50.0,50.0,Human-Like, N/A
624,625,Bisharp,Dark,Steel,490,65,125,100,60,70,70,5,1.6,70.0,45,50.0,50.0,Human-Like, N/A
625,626,Bouffalant,Normal,None,490,95,110,95,40,95,55,5,1.6,94.6,45,50.0,50.0,Field, N/A
626,627,Rufflet,Normal,Flying,350,70,83,50,37,50,60,5,0.51,10.5,190,100.0,0.0,Flying, N/A
627,628,Braviary,Normal,Flying,510,100,123,75,57,75,80,5,1.5,41.0,60,100.0,0.0,Flying, N/A
628,629,Vullaby,Dark,Flying,370,70,55,75,45,65,60,5,0.51,9.0,190,0.0,100.0,Flying, N/A
629,630,Mandibuzz,Dark,Flying,510,110,65,105,55,95,80,5,1.19,39.5,60,0.0,100.0,Flying, N/A
630,631,Heatmor,Fire,None,484,85,97,66,105,66,65,5,1.4,58.0,90,50.0,50.0,Field, N/A
631,632,Durant,Bug,Steel,484,58,109,112,48,48,109,5,0.3,33.0,90,50.0,50.0,Bug, N/A
632,633,Deino,Dark,Dragon,300,52,65,50,45,50,38,5,0.79,17.3,45,50.0,50.0,Dragon, N/A
633,634,Zweilous,Dark,Dragon,420,72,85,70,65,70,58,5,1.4,50.0,45,50.0,50.0,Dragon, N/A
634,635,Hydreigon,Dark,Dragon,600,92,105,90,125,90,98,5,1.8,160.0,45,50.0,50.0,Dragon, N/A
635,636,Larvesta,Bug,Fire,360,55,85,55,50,55,60,5,1.09,28.8,45,50.0,50.0,Bug, N/A
636,637,Volcarona,Bug,Fire,550,85,60,65,135,105,100,5,1.6,46.0,15,50.0,50.0,Bug, N/A
637,638,Cobalion,Steel,Fighting,580,91,90,129,90,72,108,5,2.11,250.0,3,0.0,0.0,Undiscovered, N/A
638,639,Terrakion,Rock,Fighting,580,91,129,90,72,90,108,5,1.91,260.0,3,0.0,0.0,Undiscovered, N/A
639,640,Virizion,Grass,Fighting,580,91,90,72,90,129,108,5,2.01,200.0,3,0.0,0.0,Undiscovered, N/A
640,641,Tornadus,Flying,None,580,79,115,70,125,80,111,5,1.5,63.0,3,100.0,0.0,Undiscovered, N/A
641,642,Thundurus,Electric,Flying,580,79,115,70,125,80,111,5,1.5,61.0,3,100.0,0.0,Undiscovered, N/A
642,643,Reshiram,Dragon,Fire,680,100,120,100,150,120,90,5,3.2,330.0,45,0.0,0.0,Undiscovered, N/A
643,644,Zekrom,Dragon,Electric,680,100,150,120,120,100,90,5,2.9,345.0,45,0.0,0.0,Undiscovered, N/A
644,645,Landorus,Ground,Flying,600,89,125,90,115,80,101,5,1.5,68.0,3,100.0,0.0,Undiscovered, N/A
645,646,Kyurem,Dragon,Ice,660,125,130,90,130,90,95,5,3.0,325.0,3,0.0,0.0,Undiscovered, N/A
646,647,Keldeo,Water,Fighting,580,91,72,90,129,90,108,5,1.4,48.5,3,0.0,0.0,Undiscovered, N/A
647,648,Meloetta,Normal,Psychic,600,100,77,77,128,128,90,5,0.61,6.5,3,0.0,0.0,Undiscovered, N/A
648,649,Genesect,Bug,Steel,600,71,120,95,120,95,99,5,1.5,82.5,3,0.0,0.0,Undiscovered, N/A
649,650,Chespin,Grass,None,313,56,61,65,48,45,38,6,0.41,9.0,45,87.5,12.5,Field, N/A
650,651,Quilladin,Grass,None,405,61,78,95,56,58,57,6,0.71,29.0,45,87.5,12.5,Field, N/A
651,652,Chesnaught,Grass,Fighting,530,88,107,122,74,75,64,6,1.6,90.0,45,87.5,12.5,Field, N/A
652,653,Fennekin,Fire,None,307,40,45,40,62,60,60,6,0.41,9.4,45,87.5,12.5,Field, N/A
653,654,Braixen,Fire,None,409,59,59,58,90,70,73,6,0.99,14.5,45,87.5,12.5,Field, N/A
654,655,Delphox,Fire,Psychic,534,75,69,72,114,100,104,6,1.5,39.0,45,87.5,12.5,Field, N/A
655,656,Froakie,Water,None,314,41,56,40,62,44,71,6,0.3,7.0,45,87.5,12.5,Water 1, N/A
656,657,Frogadier,Water,None,405,54,63,52,83,56,97,6,0.61,10.9,45,87.5,12.5,Water 1, N/A
657,658,Greninja,Water,Dark,530,72,95,67,103,71,122,6,1.5,40.0,45,87.5,12.5,Water 1, N/A
658,659,Bunnelby,Normal,None,237,38,36,38,32,36,57,6,0.41,5.0,255,50.0,50.0,Field, N/A
659,660,Diggersby,Normal,Ground,423,85,56,77,50,77,78,6,0.99,42.4,127,50.0,50.0,Field, N/A
660,661,Fletchling,Normal,Flying,278,45,50,43,40,38,62,6,0.3,1.7,255,50.0,50.0,Flying, N/A
661,662,Fletchinder,Fire,Flying,382,62,73,55,56,52,84,6,0.71,16.0,120,50.0,50.0,Flying, N/A
662,663,Talonflame,Fire,Flying,499,78,81,71,74,69,126,6,1.19,24.5,45,50.0,50.0,Flying, N/A
663,664,Scatterbug,Bug,None,200,38,35,40,27,25,35,6,0.3,2.5,255,50.0,50.0,Bug, N/A
664,665,Spewpa,Bug,None,213,45,22,60,27,30,29,6,0.3,8.4,120,50.0,50.0,Bug, N/A
665,666,Vivillon,Bug,Flying,411,80,52,50,90,50,89,6,1.19,17.0,45,50.0,50.0,Bug, N/A
666,667,Litleo,Fire,Normal,369,62,50,58,73,54,72,6,0.61,13.5,220,25.0,75.0,Field, N/A
667,668,Pyroar,Fire,Normal,507,86,68,72,109,66,106,6,1.5,81.5,65,25.0,75.0,Field, N/A
668,669,Flabb,Fairy,None,303,44,38,39,61,79,42,6,0.1,0.1,225,0.0,100.0,Fairy, N/A
669,670,Floette,Fairy,None,371,54,45,47,75,98,52,6,0.2,0.9,120,0.0,100.0,Fairy, N/A
670,671,Florges,Fairy,None,552,78,65,68,112,154,75,6,1.09,10.0,45,0.0,100.0,Fairy, N/A
671,672,Skiddo,Grass,None,350,66,65,48,62,57,52,6,0.89,31.0,200,50.0,50.0,Field, N/A
672,673,Gogoat,Grass,None,531,123,100,62,97,81,68,6,1.7,91.0,45,50.0,50.0,Field, N/A
673,674,Pancham,Fighting,None,348,67,82,62,46,48,43,6,0.61,8.0,220,50.0,50.0,Field  ,  Human-Like
674,675,Pangoro,Fighting,Dark,495,95,124,78,69,71,58,6,2.11,136.0,65,50.0,50.0,Field  ,  Human-Like
675,676,Furfrou,Normal,None,472,75,80,60,65,90,102,6,1.19,28.0,160,50.0,50.0,Field, N/A
676,677,Espurr,Psychic,None,355,62,48,54,63,60,68,6,0.3,3.5,190,50.0,50.0,Field, N/A
677,678,Meowstic,Psychic,None,466,74,48,76,83,81,104,6,0.61,8.5,75,50.0,50.0,Field, N/A
678,679,Honedge,Steel,Ghost,325,45,80,100,35,37,28,6,0.79,2.0,180,50.0,50.0,Mineral, N/A
679,680,Doublade,Steel,Ghost,448,59,110,150,45,49,35,6,0.84,4.5,90,50.0,50.0,Mineral, N/A
680,681,Aegislash,Steel,Ghost,520,60,150,50,150,50,60,6,1.7,53.0,45,50.0,50.0,Mineral, N/A
681,682,Spritzee,Fairy,None,341,78,52,60,63,65,23,6,0.2,0.5,200,50.0,50.0,Fairy, N/A
682,683,Aromatisse,Fairy,None,462,101,72,72,99,89,29,6,0.79,15.5,140,50.0,50.0,Fairy, N/A
683,684,Swirlix,Fairy,None,341,62,48,66,59,57,49,6,0.41,3.5,200,50.0,50.0,Fairy, N/A
684,685,Slurpuff,Fairy,None,480,82,80,86,85,75,72,6,0.79,5.0,140,50.0,50.0,Fairy, N/A
685,686,Inkay,Dark,Psychic,288,53,54,53,37,46,45,6,0.41,3.5,190,50.0,50.0,Water 1  ,  Water 2
686,687,Malamar,Dark,Psychic,482,86,92,88,68,75,73,6,1.5,47.0,80,50.0,50.0,Water 1  ,  Water 2
687,688,Binacle,Rock,Water,306,42,52,67,39,56,50,6,0.51,31.0,120,50.0,50.0,Water 3, N/A
688,689,Barbaracle,Rock,Water,500,72,105,115,54,86,68,6,1.3,96.0,45,50.0,50.0,Water 3, N/A
689,690,Skrelp,Poison,Water,320,50,60,60,60,60,30,6,0.51,7.3,225,50.0,50.0,Dragon  ,  Water 1
690,691,Dragalge,Poison,Dragon,494,65,75,90,97,123,44,6,1.8,81.5,55,50.0,50.0,Dragon  ,  Water 1
691,692,Clauncher,Water,None,330,50,53,62,58,63,44,6,0.51,8.3,225,50.0,50.0,Water 1  ,  Water 3
692,693,Clawitzer,Water,None,500,71,73,88,120,89,59,6,1.3,35.3,55,50.0,50.0,Water 1  ,  Water 3
693,694,Helioptile,Electric,Normal,289,44,38,33,61,43,70,6,0.51,6.0,190,50.0,50.0,Dragon  ,  Monster
694,695,Heliolisk,Electric,Normal,481,62,55,52,109,94,109,6,0.99,21.0,75,50.0,50.0,Dragon  ,  Monster
695,696,Tyrunt,Rock,Dragon,362,58,89,77,45,45,48,6,0.79,26.0,45,87.5,12.5,Dragon  ,  Monster
696,697,Tyrantrum,Rock,Dragon,521,82,121,119,69,59,71,6,2.49,270.0,45,87.5,12.5,Dragon  ,  Monster
697,698,Amaura,Rock,Ice,362,77,59,50,67,63,46,6,1.3,25.2,45,87.5,12.5,Monster, N/A
698,699,Aurorus,Rock,Ice,521,123,77,72,99,92,58,6,2.69,225.0,45,87.5,12.5,Monster, N/A
699,700,Sylveon,Fairy,None,525,95,65,65,110,130,60,6,0.99,23.5,45,87.5,12.5,Field, N/A
700,701,Hawlucha,Fighting,Flying,500,78,92,75,74,63,118,6,0.79,21.5,100,50.0,50.0,Human-Like, N/A
701,702,Dedenne,Electric,Fairy,431,67,58,57,81,67,101,6,0.2,2.2,180,50.0,50.0,Fairy  ,  Field
702,703,Carbink,Rock,Fairy,500,50,50,150,50,150,50,6,0.3,5.7,60,0.0,0.0,Fairy  ,  Mineral
703,704,Goomy,Dragon,None,300,45,50,35,55,75,40,6,0.3,2.8,45,50.0,50.0,Dragon, N/A
704,705,Sliggoo,Dragon,None,452,68,75,53,83,113,60,6,0.79,17.5,45,50.0,50.0,Dragon, N/A
705,706,Goodra,Dragon,None,600,90,100,70,110,150,80,6,2.01,150.5,45,50.0,50.0,Dragon, N/A
706,707,Klefki,Steel,Fairy,470,57,80,91,80,87,75,6,0.2,3.0,75,50.0,50.0,Mineral, N/A
707,708,Phantump,Ghost,Grass,309,43,70,48,50,60,38,6,0.41,7.0,120,50.0,50.0,Amorphous  ,  Grass
708,709,Trevenant,Ghost,Grass,474,85,110,76,65,82,56,6,1.5,71.0,60,50.0,50.0,Amorphous  ,  Grass
709,710,Pumpkaboo,Ghost,Grass,335,49,66,70,44,55,51,6,0.41,5.0,120,50.0,50.0,Amorphous, N/A
710,711,Gourgeist,Ghost,Grass,494,65,90,122,58,75,84,6,0.89,12.5,60,50.0,50.0,Amorphous, N/A
711,712,Bergmite,Ice,None,304,55,69,85,32,35,28,6,0.99,99.5,190,50.0,50.0,Monster, N/A
712,713,Avalugg,Ice,None,514,95,117,184,44,46,28,6,2.01,505.0,55,50.0,50.0,Monster, N/A
713,714,Noibat,Flying,Dragon,245,40,30,35,45,40,55,6,0.51,8.0,190,50.0,50.0,Flying, N/A
714,715,Noivern,Flying,Dragon,535,85,70,80,97,80,123,6,1.5,85.0,45,50.0,50.0,Flying, N/A
715,716,Xerneas,Fairy,None,680,126,131,95,131,98,99,6,3.0,215.0,45,0.0,0.0,Undiscovered, N/A
716,717,Yveltal,Dark,Flying,680,126,131,95,131,98,99,6,5.79,203.0,45,0.0,0.0,Undiscovered, N/A
717,718,Zygarde,Dragon,Ground,600,108,100,121,81,95,95,6,5.0,305.0,3,0.0,0.0,Undiscovered, N/A
718,719,Diancie,Rock,Fairy,600,50,100,150,100,150,50,6,0.71,8.8,3,0.0,0.0,, N/A
719,720,Hoopa,Psychic,Ghost,600,80,110,60,150,130,70,6,0.51,9.0,3,0.0,0.0,, N/A
720,721,Volcanion,Fire,Water,600,80,110,120,130,90,70,6,1.7,195.0,3,0.0,0.0,, N/A
721,722,Rowlet,Grass,Flying,320,68,55,55,50,50,42,7,0.3,1.5,45,87.5,12.5,Flying, N/A
722,723,Dartrix,Grass,Flying,420,78,75,75,70,70,52,7,0.71,16.0,45,87.5,12.5,Flying, N/A
723,724,Decidueye,Grass,Ghost,530,78,107,75,100,100,70,7,1.6,36.6,45,87.5,12.5,Flying, N/A
724,725,Litten,Fire,None,320,45,65,40,60,40,70,7,0.41,4.3,45,87.5,12.5,Field, N/A
725,726,Torracat,Fire,None,420,65,85,50,80,50,90,7,0.71,25.0,45,87.5,12.5,Field, N/A
726,727,Incineroar,Fire,Dark,530,95,115,90,80,90,60,7,1.8,83.0,45,87.5,12.5,Field, N/A
727,728,Popplio,Water,None,320,50,54,54,66,56,40,7,0.41,7.5,45,87.5,12.5,Field  ,  Water 1
728,729,Brionne,Water,None,420,60,69,69,91,81,50,7,0.61,17.5,45,87.5,12.5,Field  ,  Water 1
729,730,Primarina,Water,Fairy,530,80,74,74,126,116,60,7,1.8,44.0,45,87.5,12.5,Field  ,  Water 1
730,731,Pikipek,Normal,Flying,265,35,75,30,30,30,65,7,0.3,1.2,255,50.0,50.0,Flying, N/A
731,732,Trumbeak,Normal,Flying,355,55,85,50,40,50,75,7,0.61,14.8,120,50.0,50.0,Flying, N/A
732,733,Toucannon,Normal,Flying,485,80,120,75,75,75,60,7,1.09,26.0,45,50.0,50.0,Flying, N/A
733,734,Yungoos,Normal,None,253,48,70,30,30,30,45,7,0.41,6.0,255,50.0,50.0,Field, N/A
734,735,Gumshoos,Normal,None,418,88,110,60,55,60,45,7,0.71,14.2,127,50.0,50.0,Field, N/A
735,736,Grubbin,Bug,None,300,47,62,45,55,45,46,7,0.41,4.4,255,50.0,50.0,Bug, N/A
736,737,Charjabug,Bug,Electric,400,57,82,95,55,75,36,7,0.51,10.5,120,50.0,50.0,Bug, N/A
737,738,Vikavolt,Bug,Electric,500,77,70,90,145,75,43,7,1.5,45.0,45,50.0,50.0,Bug, N/A
738,739,Crabrawler,Fighting,None,338,47,82,57,42,47,63,7,0.61,7.0,225,50.0,50.0,Water 3, N/A
739,740,Crabominable,Fighting,Ice,478,97,132,77,62,67,43,7,1.7,180.0,60,50.0,50.0,Water 3, N/A
740,741,Oricorio,Fire,Flying,476,75,70,70,98,70,93,7,0.61,3.4,45,25.0,75.0,Flying, N/A
741,742,Cutiefly,Bug,Fairy,304,40,45,40,55,40,84,7,0.1,0.2,190,50.0,50.0,Bug  ,  Fairy
742,743,Ribombee,Bug,Fairy,464,60,55,60,95,70,124,7,0.2,0.5,75,50.0,50.0,Bug  ,  Fairy
743,744,Rockruff,Rock,None,280,45,65,40,30,40,60,7,0.51,9.2,190,50.0,50.0,Field, N/A
744,745,Lycanroc,Rock,None,487,75,115,65,55,65,112,7,0.79,25.0,90,50.0,50.0,Field, N/A
745,746,Wishiwashi,Water,None,175,45,20,20,25,25,40,7,0.2,0.3,60,50.0,50.0,Water 2, N/A
746,747,Mareanie,Poison,Water,305,50,53,62,43,52,45,7,0.41,8.0,190,50.0,50.0,Water 1, N/A
747,748,Toxapex,Poison,Water,495,50,63,152,53,142,35,7,0.71,14.5,75,50.0,50.0,Water 1, N/A
748,749,Mudbray,Ground,None,385,70,100,70,45,55,45,7,0.99,110.0,190,50.0,50.0,Field, N/A
749,750,Mudsdale,Ground,None,500,100,125,100,55,85,35,7,2.49,920.0,60,50.0,50.0,Field, N/A
750,751,Dewpider,Water,Bug,269,38,40,52,40,72,27,7,0.3,4.0,200,50.0,50.0,Bug  ,  Water 1
751,752,Araquanid,Water,Bug,454,68,70,92,50,132,42,7,1.8,82.0,100,50.0,50.0,Bug  ,  Water 1
752,753,Fomantis,Grass,None,250,40,55,35,50,35,35,7,0.3,1.5,190,50.0,50.0,Grass, N/A
753,754,Lurantis,Grass,None,480,70,105,90,80,90,45,7,0.89,18.5,75,50.0,50.0,Grass, N/A
754,755,Morelull,Grass,Fairy,285,40,35,55,65,75,15,7,0.2,1.5,190,50.0,50.0,Grass, N/A
755,756,Shiinotic,Grass,Fairy,405,60,45,80,90,100,30,7,0.99,11.5,75,50.0,50.0,Grass, N/A
756,757,Salandit,Poison,Fire,320,48,44,40,71,40,77,7,0.61,4.8,120,87.5,12.5,Dragon  ,  Monster
757,758,Salazzle,Poison,Fire,480,68,64,60,111,60,117,7,1.19,22.2,45,0.0,100.0,Dragon  ,  Monster
758,759,Stufful,Normal,Fighting,340,70,75,50,45,50,50,7,0.51,6.8,140,50.0,50.0,Field, N/A
759,760,Bewear,Normal,Fighting,500,120,125,80,55,60,60,7,2.11,135.0,70,50.0,50.0,Field, N/A
760,761,Bounsweet,Grass,None,210,42,30,38,30,38,32,7,0.3,3.2,235,0.0,100.0,Grass, N/A
761,762,Steenee,Grass,None,290,52,40,48,40,48,62,7,0.71,8.2,120,0.0,100.0,Grass, N/A
762,763,Tsareena,Grass,None,510,72,120,98,50,98,72,7,1.14,21.4,45,0.0,100.0,Grass, N/A
763,764,Comfey,Fairy,None,485,51,52,90,82,110,100,7,0.1,0.3,60,25.0,75.0,Grass, N/A
764,765,Oranguru,Normal,Psychic,490,90,60,80,90,110,60,7,1.5,76.0,45,50.0,50.0,Field, N/A
765,766,Passimian,Fighting,None,490,100,120,90,40,60,80,7,2.01,82.8,45,50.0,50.0,Field, N/A
766,767,Wimpod,Bug,Water,230,25,35,40,20,30,80,7,0.51,12.0,90,50.0,50.0,Bug  ,  Water 3
767,768,Golisopod,Bug,Water,530,75,125,140,60,90,40,7,2.01,108.0,45,50.0,50.0,Bug  ,  Water 3
768,769,Sandygast,Ghost,Ground,320,55,55,80,70,45,15,7,0.51,70.0,140,50.0,50.0,Amorphous, N/A
769,770,Palossand,Ghost,Ground,480,85,75,110,100,75,35,7,1.3,250.0,60,50.0,50.0,Amorphous, N/A
770,771,Pyukumuku,Water,None,410,55,60,130,30,130,5,7,0.3,1.2,60,50.0,50.0,Water 1, N/A
771,772,Type: Null,Normal,None,534,95,95,95,95,95,59,7,1.91,120.5,3,0.0,0.0,Undiscovered, N/A
772,773,Silvally,Normal,None,570,95,95,95,95,95,95,7,2.31,100.5,3,0.0,0.0,Undiscovered, N/A
773,774,Minior,Rock,Flying,440,60,60,100,60,100,60,7,0.3,40.0,30,0.0,0.0,Mineral, N/A
774,775,Komala,Normal,None,480,65,115,65,75,95,65,7,0.41,19.9,45,50.0,50.0,Field, N/A
775,776,Turtonator,Fire,Dragon,485,60,78,135,91,85,36,7,2.01,212.0,70,50.0,50.0,Dragon  ,  Monster
776,777,Togedemaru,Electric,Steel,435,65,98,63,40,73,96,7,0.3,3.3,180,50.0,50.0,Fairy  ,  Field
777,778,Mimikyu,Ghost,Fairy,476,55,90,80,50,105,96,7,0.2,0.7,45,50.0,50.0,Amorphous, N/A
778,779,Bruxish,Water,Psychic,475,68,105,70,70,70,92,7,0.89,19.0,80,50.0,50.0,Water 2, N/A
779,780,Drampa,Normal,Dragon,485,78,60,85,135,91,36,7,3.0,185.0,70,50.0,50.0,Dragon  ,  Monster
780,781,Dhelmise,Ghost,Grass,517,70,131,100,86,90,40,7,3.91,210.0,25,0.0,0.0,Mineral, N/A
781,782,Jangmo-o,Dragon,None,300,45,55,65,45,45,45,7,0.61,29.7,45,50.0,50.0,Dragon, N/A
782,783,Hakamo-o,Dragon,Fighting,420,55,75,90,65,70,65,7,1.14,47.0,45,50.0,50.0,Dragon, N/A
783,784,Kommo-o,Dragon,Fighting,600,75,110,125,100,105,85,7,1.6,78.2,45,50.0,50.0,Dragon, N/A
784,785,Tapu Koko,Electric,Fairy,570,70,115,85,95,75,130,7,1.8,20.5,3,0.0,0.0,Undiscovered, N/A
785,786,Tapu Lele,Psychic,Fairy,570,70,85,75,130,115,95,7,1.19,18.6,3,0.0,0.0,Undiscovered, N/A
786,787,Tapu Bulu,Grass,Fairy,570,70,130,115,85,95,75,7,1.91,45.5,3,0.0,0.0,Undiscovered, N/A
787,788,Tapu Fini,Water,Fairy,570,70,75,115,95,130,85,7,1.3,21.2,3,0.0,0.0,Undiscovered, N/A
788,789,Cosmog,Psychic,None,200,43,29,31,29,31,37,7,0.2,0.1,45,0.0,0.0,Undiscovered, N/A
789,790,Cosmoem,Psychic,None,400,43,29,131,29,131,37,7,0.1,999.9,45,0.0,0.0,Undiscovered, N/A
790,791,Solgaleo,Psychic,Steel,680,137,137,107,113,89,97,7,3.4,230.0,45,0.0,0.0,Undiscovered, N/A
791,792,Lunala,Psychic,Ghost,680,137,113,89,137,107,97,7,3.99,120.0,45,0.0,0.0,Undiscovered, N/A
792,793,Nihilego,Rock,Poison,570,109,53,47,127,131,103,7,1.19,55.5,45,0.0,0.0,Undiscovered, N/A
793,794,Buzzwole,Bug,Fighting,570,107,139,139,53,53,79,7,2.39,333.6,25,0.0,0.0,Undiscovered, N/A
794,795,Pheromosa,Bug,Fighting,570,71,137,37,137,37,151,7,1.8,25.0,255,0.0,0.0,Undiscovered, N/A
795,796,Xurkitree,Electric,None,570,83,89,71,173,71,83,7,3.81,100.0,30,0.0,0.0,Undiscovered, N/A
796,797,Celesteela,Steel,Flying,570,97,101,103,107,101,61,7,9.19,999.9,25,0.0,0.0,Undiscovered, N/A
797,798,Kartana,Grass,Steel,570,59,181,131,59,31,109,7,0.3,0.1,255,0.0,0.0,Undiscovered, N/A
798,799,Guzzlord,Dark,Dragon,570,223,101,53,97,53,43,7,5.51,888.0,15,0.0,0.0,Undiscovered, N/A
799,800,Necrozma,Psychic,None,600,97,107,101,127,89,79,7,2.39,230.0,3,0.0,0.0,Undiscovered, N/A
800,801,Magearna,Steel,Fairy,600,80,95,115,130,115,65,7,0.99,80.5,3,0.0,0.0,Undiscovered, N/A
801,802,Marshadow,Fighting,Ghost,600,90,125,80,90,90,125,7,0.71,22.2,3,0.0,0.0,Undiscovered, N/A
